video_id,title,publishedAt,duration,viewCount,likeCount,commentCount
gtkqnhN0VkU,"Answer The Door, Win $10,000",2025-10-14T16:00:00Z,PT31S,23993611,856183,16110
oBXSvS2QKxU,100 Kids Vs World's Strongest Man!,2025-10-11T16:00:00Z,PT27M21S,80445090,2048306,36584
UTdcX1e0cMA,"Jump Over The Lava, Win!",2025-10-10T16:00:01Z,PT1M3S,46359438,1428094,8547
oiZvK6MY7tI,"Call Your Ex, Win $10,000",2025-10-07T16:00:00Z,PT34S,55263347,1682443,6177
F0OkwXKcPSE,Hi Me In 10 Years,2025-10-04T16:00:07Z,PT3M14S,40909658,3038604,97951
686PL7rt654,World‚Äôs Fastest Dinner Date,2025-10-03T16:00:03Z,PT34S,167765130,2709722,7955
zo7i8VTpfNM,"Would You Risk Dying For $500,000?",2025-09-27T16:00:04Z,PT25M26S,83545804,1967028,27965
NfhuGUyWYfQ,Would Your Grandma Go Skydiving?,2025-09-26T18:00:07Z,PT42S,64283560,1985858,6832
wIpWCJKfRXs,I Cooked A Pizza With Power Tools,2025-09-23T16:00:07Z,PT40S,229872752,4930091,17078
9Xeepzg1B8I,Which Celebrity Punches The Hardest?,2025-09-19T16:00:03Z,PT47S,111364862,2653804,8032
50G0kIty7Cg,"Answer The Call, Win $10,000",2025-09-16T17:00:04Z,PT39S,166228017,4396708,11724
4l97aNza_Zc,"Survive 30 Days Chained To Your Ex, Win $250,000",2025-09-13T16:00:01Z,PT37M4S,143217785,3299906,51809
3ih2bPKSWsQ,I Arrested IShowSpeed,2025-09-12T17:00:01Z,PT35S,56933997,1878888,5485
uA9Zcg3vHvo,I Raced IShowSpeed,2025-09-01T20:45:41Z,PT47S,328484075,6715036,8339
_AbFXuGDRTs,"$1 vs $1,000,000,000 Nuclear Bunker!",2025-08-30T16:00:11Z,PT17M18S,114703712,2579958,34463
MOGW3v3pJ5Y,1 Subscriber = 1 Penny Donated,2025-08-29T16:00:10Z,PT18S,552089298,22392884,27681
XNtTO_339kU,"Pick The Wrong Tube, Get Slimed",2025-08-27T16:00:02Z,PT36S,94147072,2191136,7048
rB9NynBZ4go,Reaction Time Challenge,2025-08-19T16:00:02Z,PT29S,104437899,1742591,11026
TDv56whosPQ,"Survive 100 Days In Prison, Win $500,000",2025-08-16T19:00:02Z,PT39M36S,118235304,2855612,39941
R_BmT1OJw98,Every YouTube Play Button I Have,2025-08-15T16:00:01Z,PT15S,77486480,1996793,12394
vpRW4JhzfSE,1 Subscriber = 1 Second In The Arctic,2025-08-08T16:00:02Z,PT17S,62227720,2249875,10342
qXW93Cois2s,Guess What Hit You,2025-08-05T16:00:01Z,PT32S,63253471,1141430,5436
r7f0L48dHpc,$1  = One Year of Clean Water,2025-08-02T16:00:02Z,PT32S,115617995,3594277,14792
Z4hVGCWH1Kc,"2,000,000 People Get Clean Water For The First Time!",2025-08-01T16:00:01Z,PT10M20S,76211732,2304728,43380
zxuICI0kL3s,"Don‚Äôt Turn Around, Win $10k",2025-07-31T16:00:01Z,PT31S,301573871,5849570,7673
R1SFXJo-FlE,Subscribe To Explode The TNT,2025-07-29T16:00:01Z,PT19S,84683601,2623693,10163
lQz5aqjZ3lQ,"Find This Briefcase, Win $10,000",2025-07-25T16:00:02Z,PT1M7S,175171801,4824919,13552
EiFcNbXBqeo,Jet Engine vs Human for $10k,2025-07-20T16:00:01Z,PT24S,124497073,2022752,6216
pzBi1nwDn8U,"Survive 100 Days Trapped In A Private Jet, Keep It",2025-07-19T16:00:01Z,PT33M3S,132666494,3386001,45825
R7oW0LwS_e4,I Met Neymar,2025-07-11T16:15:07Z,PT10S,95329461,1640728,14767
BfKI_TQnQvo,I Raced A Cheetah,2025-07-06T16:00:01Z,PT20S,123592053,2932752,13065
FWAdfuPpLOc,World's Fastest Car Vs Cheetah!,2025-07-05T16:00:01Z,PT20M37S,177743546,3296613,44937
NjlP2_l1Wr0,"You Lose, You Get Shot",2025-06-30T16:00:08Z,PT36S,95221465,1604081,6408
gGcaGdHlt60,"If You Spill, You Lose!",2025-06-25T17:00:08Z,PT19S,372246731,3474421,7203
pe_ejTiIcSs,"Lose 100 LBs, Win $250,000!",2025-06-21T16:00:01Z,PT36M50S,203814157,6385399,104218
V6In4tmd-w8,"$1 vs $25,000 VFX",2025-06-19T17:00:41Z,PT23S,87360982,2217338,12203
ZGvn9ywXjpY,Feastables vs Reese‚Äôs Taste Test with @gordonramsay,2025-06-10T16:00:02Z,PT33S,284507771,5483157,12898
hTSaweR8qMI,"$1 vs $500,000 Date",2025-06-07T16:00:00Z,PT17M22S,144036251,3337235,59648
KCRLP-zBacU,Can I Teach a Penguin To Subscribe?,2025-05-31T16:10:27Z,PT9S,277334924,6371312,17242
c2ukL_zjFCk,Extreme Helmet Game,2025-05-28T16:00:19Z,PT32S,174303321,3297796,6863
DZIASl9q90s,"Beat Neymar, Win $500,000",2025-05-24T16:00:01Z,PT27M53S,153963975,3510710,80671
7qY-qalCI2Y,"Grab The Rolex, Keep It!",2025-05-21T15:59:50Z,PT23S,189090377,2898799,8842
N0pwLtonPdg,Slippery vs Sticky Stairs,2025-05-16T16:00:01Z,PT36S,699812643,7757004,23042
-4GmbBoYQjE,I Survived 100 Hours In An Ancient Temple,2025-05-10T16:00:01Z,PT15M46S,117945328,2902235,77561
0yPgljFcTR4,"Subscribe to Win $50,000",2025-05-07T16:00:01Z,PT15S,83195732,4122283,145655
TN1wErFGTzM,"Find This Key, Win $10,000",2025-05-05T16:00:00Z,PT39S,49375714,1529651,6508
3dxksf0CzS8,World‚Äôs Fastest Robbers,2025-05-02T16:00:00Z,PT32S,232108648,5176197,12540
x7yv72s8h0o,Would You Go On Vacation With A Stranger?,2025-04-29T16:00:00Z,PT1M3S,248129380,7732626,22371
uyiG6uw-6pA,"Would You Risk Drowning for $500,000?",2025-04-26T16:00:00Z,PT25M46S,189555207,3147807,42967
M1STzb7k9L8,Extreme Helmet Game,2025-04-25T16:15:00Z,PT23S,204626828,2224677,5060
7K-yxGWYsnk,"$10,000 Human Shuffleboard",2025-04-22T16:30:14Z,PT40S,481749282,5888536,4723
Tbn4cYCaZCk,"Drift This Car, Win $10,000",2025-04-16T17:00:15Z,PT20S,466992839,6295553,10248
figrl0aOULs,Click This Video To Feed 1 Person,2025-04-12T16:00:01Z,PT10M29S,72948502,4224280,73599
Uxc84UUrVHk,You Can Stop Child Labor,2025-04-11T16:00:01Z,PT58S,88658266,3553958,20708
BzKaMelDzqo,How Fast Can I Go?,2025-04-05T16:00:12Z,PT18S,170953128,2752184,8436
4yx9ZJDfyKk,Baseball Tic Tac Toe vs MLB Pro,2025-03-27T16:00:00Z,PT27S,65396183,1536125,7479
kPa_S6jN9ls,Could You Win This Obstacle Course?,2025-03-25T16:15:01Z,PT34S,90457583,1714614,10142
69g-YcbmgQA,"Find Your Dog, Win $10,000",2025-03-23T16:00:01Z,PT36S,447032997,11124942,9824
aKq8bkY5eTU,I Survived The 5 Deadliest Places On Earth,2025-03-22T16:00:00Z,PT13M23S,157296948,3148406,54475
TNtpUQbW4mg,This Is How The Pyramids Were Built,2025-03-18T16:00:00Z,PT13S,304830735,7912625,18961
TgCm8oDmxOk,I Crashed One Of The Most Expensive Cars In The World,2025-03-14T16:00:00Z,PT16S,100146354,2443050,6840
954wJ3uHVAk,Last One To Fall Wins,2025-03-08T18:05:23Z,PT30S,132164599,3883981,8133
zajUgQLviwk,"Last to Leave Their Circle Wins $500,000",2025-03-01T17:00:01Z,PT38M38S,190396859,3054939,83442
PXevNM0awlI,"Highest Away From Me Wins $10,000",2025-02-28T17:00:00Z,PT50S,498764805,11007971,11191
PuQ5UxKUY48,"Find The Human, Win $10,000",2025-02-24T17:00:02Z,PT41S,309604942,7118249,8189
L5ihmu87xTE,"Find This Stranger, Win $10,000",2025-02-19T18:00:00Z,PT1M1S,590644943,15729089,11747
nAiKLoCP-kU,"Reach the Money, Win $10,000",2025-02-14T18:15:00Z,PT25S,470632397,7501763,9030
NDsO1LT_0lw,I Spent 100 Hours Inside The Pyramids!,2025-02-08T17:00:00Z,PT21M43S,218718383,5327955,100786
sF5LYGgKbUA,Every Minute One Person Is Eliminated,2025-01-25T17:00:01Z,PT34M46S,142739920,3019069,73970
MFpWEKN9c6Y,"Last Person Hanging Wins $10,000",2025-01-21T17:00:03Z,PT43S,522507294,12504168,14126
TRxMLLuWIhw,Subscribe For An iPhone,2025-01-17T17:00:00Z,PT17S,283105643,28159920,199828
SM66GDRyIVY,"I Helped 2,000 People Walk Again",2025-01-11T17:00:02Z,PT15M31S,123170530,2952138,54788
EvqtfK_RaRg,This obstacle course is WILD,2025-01-10T17:00:00Z,PT32S,203310550,3842303,5342
3cWm9B_0_kI,How Many People To Stop Ronaldo?,2024-12-27T19:00:00Z,PT21S,498452597,11590541,26400
qtWqHIx8Z-o,"Last Person Standing Wins $10,000",2024-12-22T17:00:01Z,PT48S,614446003,12980077,9593
gs8qfL9PNac,"2,000 People Fight For $5,000,000",2024-12-19T17:00:00Z,PT24M45S,184132817,4569893,50405
DBPYB8WkkDc,Bring Me Back Snow From The North Pole,2024-12-10T17:00:00Z,PT55S,635005813,17814059,14208
zvBXpoBegwE,I Got T-Series To Subscribe To Me,2024-12-09T17:00:01Z,PT31S,183389928,7960451,14308
SWc8fI_9iqA,Ronaldo Teaches Me How To SIUU,2024-12-01T17:00:00Z,PT15S,323171412,9112658,34028
0BjlBnfHcHM,"Beat Ronaldo, Win $1,000,000",2024-11-30T17:00:00Z,PT22M45S,328791301,8097456,117806
HcL1EQ5qD_g,Confronting Ronaldo,2024-11-29T17:30:10Z,PT21S,224688248,12277897,26701
dc089EZRGcg,How Many Balloons To Make A Store Fly?,2024-11-18T19:00:00Z,PT22S,457827820,10419445,11727
vXNtju4VFm4,Restocking MrBeast Labs at Walmart,2024-11-18T17:00:00Z,PT36S,336596548,5695728,3228
I9mw5UlDyPI,This Game Is Wild...,2024-11-12T17:00:00Z,PT19S,654564405,13259524,8577
pS-fFdvyHLE,How Much Tape To Stop A Lamborghini?,2024-11-08T17:00:00Z,PT15S,729186418,13840486,19785
Xj0Jtjg3lHQ,"$1 vs $500,000 Experiences!",2024-11-02T16:00:00Z,PT17M40S,265079545,5098497,56314
9UtcHPCEBgg,1 Subscriber = 1 Penny,2024-10-19T18:00:00Z,PT17S,375381570,16960483,26343
ZNt_GoOBHq8,Human vs Jet Engine,2024-10-17T19:00:00Z,PT19S,520636299,13293563,17723
bn0Kh9c4Zv4,7 Days Exploring An Underground City,2024-10-12T16:00:00Z,PT20M35S,164405575,3668522,33029
dDVFnfCwjHA,Will A Basketball Boat Hold My Weight?,2024-10-11T16:00:01Z,PT30S,370873731,9967200,6917
Kt2HvqRruHQ,"Find The Real MrBeast, Win $10,000",2024-10-05T16:00:00Z,PT37S,328566819,10145958,7862
vDrSCXFMAKk,"Spot The Difference, Win $10,000",2024-09-28T20:00:00Z,PT58S,261644109,8249370,6383
snX5YyflrGw,"100 Identical Twins Fight For $250,000",2024-09-28T16:00:00Z,PT35M40S,179519277,3322540,28201
nbzQdlWrcnk,Running With Bigger And Bigger Lunchlys,2024-09-20T16:00:00Z,PT18S,322476419,8157641,10362
8krJy31Diow,Holding Bigger And Bigger Dogs,2024-09-16T18:00:00Z,PT17S,309724811,7926747,9724
aRcUVhVlSHg,"Men Vs Women Survive In The Wilderness For $500,000",2024-09-07T16:00:00Z,PT31M48S,205249498,4257934,51392
Jo7sfpeWqwE,Will A Guitar Boat Hold My Weight?,2024-09-05T16:00:01Z,PT20S,756264090,18131445,15430
QtD-CeUdRUQ,"Real Or Cake For $10,000",2024-08-29T16:00:00Z,PT37S,231242890,7711080,17795
ndAQfTzlVjc,7 Days Stranded In A Cave,2024-08-17T16:00:00Z,PT17M59S,163376323,4545468,92899
AydS-vA3qa4,Running With Bigger And Bigger Feastables,2024-08-15T23:00:00Z,PT17S,421529416,12065681,29847
UPrkC1LdlLY,"Survive 100 Days In Nuclear Bunker, Win $500,000",2024-08-03T16:00:00Z,PT32M21S,328224095,6123889,86776
8bTQMDM4qvY,"Spot The Fake Animal For $10,000",2024-07-19T16:00:00Z,PT40S,591232101,16901525,28612
DBw0oD38z0Q,This Game Is Wild,2024-07-17T16:00:00Z,PT21S,229596985,6184945,12157
4SNThp0YiU4,"50 YouTubers Fight For $1,000,000",2024-07-13T16:00:01Z,PT41M27S,414812878,9551887,346961
XhuisK0bTSA,Pass The Phone To‚Ä¶,2024-07-11T17:00:01Z,PT1M,265760086,11233440,51279
lkCRPp7cnP8,How Many Balloons Does It Take To Fly?,2024-07-10T17:00:00Z,PT18S,529265532,20317849,51110
KkCXLABwHP0,I Built 100 Houses And Gave Them Away!,2024-06-29T16:00:00Z,PT9M36S,225269953,7823717,290017
PWirijQkH4M,World‚Äôs Deadliest Obstacle Course!,2024-06-15T16:00:01Z,PT28M25S,374815056,6680051,141459
U_LlX4t0A9I,"$10,000 Every Day You Survive In The Wilderness",2024-06-01T16:00:00Z,PT26M10S,316880579,8555873,332980
T8I165Qxeo8,Sprinting with More and More Money,2024-05-30T16:00:01Z,PT29S,312743251,11900601,85597
i-9V21MqlhY,Giving 1000 Phones Away,2024-05-28T16:00:00Z,PT18S,359054168,23076909,810863
YyNz4--6fro,World‚Äôs Smartest Dog,2024-05-16T16:00:00Z,PT12S,247107452,10210387,34301
f0cXJ6mJxGc,Bottle Head Smashing World Record Attempt!,2024-05-14T16:00:00Z,PT38S,494306185,12475390,49561
F6PqxbvOCUI,"Protect The Yacht, Keep It!",2024-05-11T16:00:00Z,PT15M8S,162927677,4196876,80303
oA4LSZvX4iE,Ages 1-100 Try My Chocolate,2024-05-09T16:00:00Z,PT39S,269866245,9840122,34769
ZKxnjszkZto,"Spot The Hidden People For $10,000",2024-05-08T16:00:01Z,PT35S,197383944,6394286,12070
8_gdcaX9Xqk,"Would You Split Or Steal $250,000?",2024-05-03T16:00:00Z,PT1M,208726332,11424247,28820
snUyLbGx6U4,"Buy Feastables, Win Unlimited Money",2024-04-30T16:00:00Z,PT51S,385731929,12345246,27639
Pv0iVoSZzN8,In 10 Minutes This Room Will Explode!,2024-04-27T16:00:00Z,PT10M,161519649,4155841,77565
CWbV3NItSdY,The World's Fastest Cleaners,2024-04-25T16:00:03Z,PT35S,688624546,26180801,42798
l-nMKJ5J3Uc,"Ages 1 - 100 Decide Who Wins $250,000",2024-04-20T15:59:59Z,PT40M2S,296700376,6178804,211863
XE1Qyss8GIY,"Guess The Gift, Keep It",2024-04-09T17:00:00Z,PT46S,532733349,19012804,23992
6GzHPS0rEgc,"I‚Äôm Giving My 250M Subscriber $25,000",2024-04-06T19:45:00Z,PT21S,224004632,9594853,54760
imhY0pe-Sd8,"Anything You Touch, You Keep!",2024-04-02T16:00:03Z,PT48S,256628713,10238608,15459
erLbbextvlY,7 Days Stranded On An Island,2024-03-30T16:00:01Z,PT22M26S,424821010,7326395,146482
OnTTThIzuNU,"Keep Track Of Car, Win $10,000",2024-03-19T16:00:00Z,PT51S,172711257,7847086,90810
mKdjycj-7eE,"Stop This Train, Win a Lamborghini",2024-03-16T16:00:00Z,PT19M1S,237174197,5348567,125206
tWYsfOSY9vY,I Survived 7 Days In An Abandoned City,2024-03-02T17:00:00Z,PT17M24S,309407761,6566937,198753
sH48lKbayNU,Unboxing My 200M Subscriber Play Button,2024-02-29T17:00:00Z,PT46S,237530939,14298665,51373
AFXoSFNMwIA,I Filled Chandler‚Äôs Car With Feastables,2024-02-27T18:00:01Z,PT38S,397438455,14203548,26333
k194wHZHjB0,Most Expensive Hand Model Holds Feastables,2024-02-24T18:00:09Z,PT22S,571765901,11944668,9378
AjwAdtlRKf8,"Buy Feastables, Win $10,000",2024-02-17T19:00:01Z,PT41S,426957393,15916979,34110
KOEfDvr4DcQ,"Face Your Biggest Fear To Win $800,000",2024-02-10T17:00:00Z,PT22M3S,352470259,6565664,225142
krsBRQbOPQ4,"$1 vs $250,000,000 Private Island!",2024-01-27T17:00:00Z,PT16M59S,354715629,5816357,101046
7ESeQBeikKs,"Protect $500,000 Keep It!",2024-01-13T17:00:00Z,PT15M34S,184919188,4767840,70247
K_CbgLpvH9E,I Spent 7 Days In Solitary Confinement,2023-12-30T17:00:03Z,PT20M16S,262483490,5372743,81338
lOKASgtr6kU,I Adopted 100 Dogs!,2023-12-23T17:00:00Z,PT15M3S,351070776,6506039,107351
9RhWXPcKBI8,"Survive 100 Days Trapped, Win $500,000",2023-12-16T17:00:01Z,PT27M8S,424005548,6804876,95698
ZVt9ZJfWV1c,"Feeding A Dog $1 vs $10,000 Steak",2023-12-14T18:00:00Z,PT27S,536543704,15294544,30085
rWBOITBjitE,Could You Walk Up A Skyscraper?,2023-12-05T18:00:00Z,PT50S,438187660,15100502,28662
tnTPaLOaHz8,"$10,000 Every Day You Survive In A Grocery Store",2023-12-02T17:00:00Z,PT21M32S,461757392,7263108,84853
Wdjh81uH6FU,"$1 vs $10,000,000 Job!",2023-11-25T17:00:00Z,PT15M39S,288129154,4801166,61758
7dYTw-jAYkY,I Spent 7 Days Buried Alive,2023-11-18T17:00:01Z,PT18M34S,277119607,7832049,117310
AjZDwxt7S8w,I Gave Away A House On Halloween,2023-11-10T18:00:00Z,PT48S,334504371,13487759,35831
aZnqqXaT02g,Giving Car Keys Instead Of Candy On Halloween,2023-11-09T18:00:00Z,PT32S,365854221,10667896,14556
mwKJfNYwvm8,I Built 100 Wells In Africa,2023-11-04T16:00:00Z,PT10M30S,254095690,10361621,212869
l9_8_pDTmis,"Furthest Away From Me Wins $10,000",2023-11-02T17:00:03Z,PT48S,647130908,21430755,38492
n7x4Jj9pdH8,World‚Äôs Most Expensive Bed,2023-10-31T17:00:01Z,PT48S,508519487,21247841,36242
QjvpjXdgugA,"10 People Vs World's Deadliest Laser Maze for $250,000",2023-10-28T15:59:59Z,PT25M59S,286660074,4792562,82898
jGAJCAuV3pQ,World‚Äôs Most Expensive Coffee,2023-10-19T17:00:03Z,PT33S,268545879,11257348,28080
c0v8OPItCOg,"$100,000,000 Bathroom",2023-10-17T17:00:00Z,PT50S,345263592,12514267,22503
3ryID_SwU5E,"$1 vs $100,000,000 House!",2023-10-14T16:00:00Z,PT17M3S,382807273,6313581,132920
IemzxkkzI5s,I Tipped A Pizza Delivery Driver A Car,2023-10-12T17:30:03Z,PT52S,642615373,26188349,33917
3OFj6l2tQ9s,World's Most Dangerous Trap!,2023-10-07T16:00:00Z,PT19M34S,322878919,6670438,149576
bvlFjrcpD6s,I NEED 1 MORE ùó¶ùó®ùóïùó¶ùóñùó•ùóúùóïùóòùó•,2023-10-05T17:00:01Z,PT23S,460691492,30432693,79766
AZlBZuS4hr0,"Guess The Gift, Keep It",2023-10-03T17:00:00Z,PT45S,884706675,25201949,21006
Gx6VeIIbWwM,"Spot The Hidden People For $10,000",2023-09-28T17:00:01Z,PT35S,729537658,21751628,29731
CAOY8EKH1qU,I Paid A Random Student‚Äôs College Tuition,2023-09-26T16:59:59Z,PT37S,467653146,24466952,57554
IQxea9UB1nQ,"$100,000,000 Car Doors",2023-09-19T17:00:00Z,PT29S,1206795840,29221927,38677
KrLj6nc516A,"$1 vs $100,000,000 Car!",2023-09-16T16:00:01Z,PT16M28S,494366941,7847239,153351
zgLhCT7aFCA,Extreme Home Makeover!,2023-09-12T17:00:00Z,PT57S,387820645,19587043,45517
L5kIXRdwGAI,Katana Vs Bullet,2023-09-07T17:00:01Z,PT41S,1084767469,37577793,51043
19NmWqv4Alk,How Many School Buses Can We Stack?,2023-09-05T16:59:57Z,PT45S,490954940,15436411,28601
vBpQ1SlfVtU,Lamborghini Vs World's Largest Shredder,2023-09-02T16:00:00Z,PT14M59S,250712164,5684915,142642
SGzWIoLAzmY,"Feeding A Cat $10 Vs $10,000 Sushi",2023-08-31T17:00:00Z,PT31S,371755877,13706417,29647
NnNZLCl78Ao,"Make This Kick, Win Super Bowl Tickets",2023-08-25T16:00:25Z,PT52S,138694320,5200653,9023
NTZhwAldqwg,Metal Pipe Vs School Bus,2023-08-22T17:00:00Z,PT28S,515057798,13796120,28532
J_z-W4UVHkw,"Every Country On Earth Fights For $250,000!",2023-08-19T16:00:01Z,PT18M13S,245901441,6404474,368878
mKIhHNznt4s,Can You Beat A Girl In Arm Wrestling?,2023-08-17T17:00:00Z,PT52S,551520005,20900991,38250
jObOjhUkf50,"$1 vs $250,000 Vacation!",2023-08-12T15:59:59Z,PT15M58S,387337230,6641887,107306
O3YVBJ2n5xg,I Ate The World‚Äôs Most Poisonous Fish,2023-08-08T17:30:01Z,PT32S,487874898,21677415,39732
yhB3BgJyGl8,7 Days Stranded At Sea,2023-08-05T16:00:01Z,PT18M5S,393974585,8178560,125655
CP82DAKzL1U,I Traded My Car At a Red Light,2023-07-15T17:00:01Z,PT47S,657546760,26373452,39766
fuhE6PYnRMc,Train Vs Giant Pit,2023-07-08T16:00:00Z,PT10M36S,280897430,6564009,129310
stUofW3whpE,I Buried Treasure in the Bermuda Triangle,2023-07-06T17:00:01Z,PT53S,488119216,25404715,35853
48h57PspBec,"$1 vs $1,000,000,000 Yacht!",2023-06-10T16:00:00Z,PT14M47S,501463845,8162056,161888
ooAwCOP67GQ,Do Pawnshops Scam You?,2023-06-03T16:59:57Z,PT33S,408568243,16247131,24971
FM7Z-Xq8Drc,"Ages 1 - 100 Fight For $500,000",2023-05-27T21:14:59Z,PT25M36S,443208296,6706373,118332
ykRq_rp7NhM,I Got Naruto to Subscribe to Me,2023-05-20T20:00:00Z,PT20S,311994628,13319640,24012
WTOm65IZneg,"1,000 Deaf People Hear For The First Time",2023-05-06T19:59:59Z,PT6M14S,204374007,5499782,152999
8kggT2ej-lo,Would You Pet a Cheetah in Africa?,2023-05-01T20:00:02Z,PT39S,852964322,28184997,39082
GGBy50KtvRk,Tipping A Waitress A Car,2023-04-22T20:00:00Z,PT38S,662850561,28887487,64183
Y4-gFIfGXiQ,Would you go on a Blind Date in Italy?,2023-04-15T20:00:01Z,PT51S,545932073,23769895,28265
1WEAJ-DFkHE,World's Most Expensive Flights!,2023-04-01T20:00:04Z,PT12M20S,521660409,8798910,171674
Y0cBiGUuB1Y,I Sent a Subscriber to Disneyland,2023-03-30T20:00:00Z,PT27S,634686221,29969529,81096
YLt73w6criQ,I Paid A Real Assassin To Try To Kill Me,2023-03-18T20:00:01Z,PT12M17S,320490261,6374674,104247
NPYPXWJBTWM,"$10,000 Girl Scout Cookies",2023-03-11T17:00:47Z,PT23S,612938342,13604993,18312
lglIQkCHO0g,Do Men Lie About Their Height?,2023-02-14T21:00:14Z,PT47S,544336446,21360813,28435
TJ2ifmkGGus,"1,000 Blind People See For The First Time",2023-01-28T21:00:00Z,PT8M1S,209306263,10396557,380487
7IKab3HcfFk,I Survived 50 Hours In Antarctica,2022-12-24T20:59:59Z,PT12M10S,245528136,5778546,142596
h5NvTTOlOtI,Hydraulic Press Vs Lamborghini,2022-12-10T21:00:01Z,PT10M25S,261256741,5781552,124471
se50viFJ0AQ,Would You Fly To Paris For A Baguette?,2022-12-08T20:12:27Z,PT48S,1627121067,57019949,119731
0CTp1a-aCUM,"100 Kids Fight Parents For $500,000",2022-12-03T21:00:00Z,PT15M23S,321325040,4876318,92418
FD-0KG-h2-c,Gordon Ramsay Tries Most Expensive Chocolate Bar!,2022-11-19T20:59:59Z,PT40S,794285327,30191505,50704
kX3nB4PpJko,11 YouTubers Fight For Private Jet!,2022-11-12T21:00:00Z,PT15M37S,241221711,4923432,100005
YlvcFJOE-OE,Giving iPhones Instead Of Candy on Halloween,2022-11-02T21:00:01Z,PT40S,1574640284,40469901,138271
iogcY_4xGjo,"$1 vs $1,000,000 Hotel Room!",2022-10-22T21:00:00Z,PT15M41S,414488133,7450771,114081
S_CUEOBZ0P4,"The Rock Vs MrBeast For $100,000",2022-10-21T20:00:06Z,PT55S,691135315,35908267,77604
gHzuabZUd6c,"Survive 100 Days In Circle, Win $500,000",2022-09-24T19:59:59Z,PT17M10S,380157440,6267203,100128
65fN_OUawjk,I Hunted 100 People!,2022-09-03T19:59:59Z,PT12M3S,253232950,3984060,65286
jdMNoQE3mIQ,Can I Survive A Plane Crash?,2022-08-20T20:00:00Z,PT8M14S,225821773,4249633,73802
2isYuQZMbdU,100 People Fight For A Private Island,2022-08-04T19:59:59Z,PT15M31S,247973953,7105875,225291
tVWWp1PqDus,"100 Boys Vs 100 Girls For $500,000",2022-07-23T20:00:09Z,PT16M53S,281745960,4988768,136686
vaIgyRoUkQI,I Didn‚Äôt Eat Food For 30 Days,2022-07-02T20:00:02Z,PT13M4S,125252995,4273888,105925
Hwybp38GnZw,I Built Willy Wonka's Chocolate Factory!,2022-06-04T20:00:02Z,PT16M11S,361489690,6904556,155935
hD1YtmKXNb4,"$10,000 Every Day You Survive Prison",2022-04-09T20:00:00Z,PT13M59S,242778751,5618966,127878
LnlKwzc_TNA,"Would You Swim With Sharks For $100,000?",2022-03-19T20:02:32Z,PT9M1S,205097797,4181239,86824
3jS_yEK8qVI,World‚Äôs Most Dangerous Escape Room!,2022-01-29T21:00:01Z,PT8M1S,288223981,5579414,130327
00NgUctWoLQ,"Extreme $1,000,000 Hide And Seek",2021-12-18T21:00:00Z,PT12M9S,109855988,3656879,117054
x9TQ6culXIA,"World's Biggest YouTubers Fight for $1,000,000",2021-12-16T21:00:00Z,PT12M5S,103388686,3139592,83803
QbJJwaVdgIs,I Got Hunted By The Military,2021-12-10T21:30:02Z,PT10M27S,254298591,4814726,92820
0e3GPea1Tyg,"$456,000 Squid Game In Real Life!",2021-11-24T21:00:01Z,PT25M42S,881226491,19744405,635515
cV2gBU6hKfY,I Cleaned The World‚Äôs Dirtiest Beach #TeamSeas,2021-10-29T19:59:43Z,PT4M55S,133603362,5612554,166770
qIsgdOVGA04,"Last To Take Hand Off Lamborghini, Keeps It",2021-10-23T20:00:01Z,PT15M8S,198088927,4809190,126467
cExLQ1o2pDw,"First To Rob Bank Wins $100,000",2021-09-26T20:00:06Z,PT8M2S,209885750,4548212,117546
uocETPj4Jx4,"Extreme $500,000 Game Of Tag!",2021-09-04T20:00:07Z,PT12M33S,224531035,4774587,97283
zxYjTTXc-J8,"Last To Leave Circle Wins $500,000",2021-08-31T20:01:03Z,PT17M44S,536528862,7784383,127906
hxwpkM5w3Cc,I Got Hunted By The FBI,2021-08-07T23:00:03Z,PT15M51S,256794963,4832854,94149
ktyJIj6i4Qw,"If You Can Carry $1,000,000 You Keep It!",2021-07-24T20:00:59Z,PT10M7S,254652772,3917752,78395
urtFrxDUV6c,"Would You Quit School For $100,000?",2021-07-10T20:00:09Z,PT10M12S,187531308,3689896,82777
nM89Wl03Q4g,I Survived 50 Hours In A Maximum Security Prison,2021-06-26T20:00:02Z,PT12M34S,290631866,4437133,98665
NZlClr_ivb4,"Hit The Target, Win $300,000",2021-06-12T20:00:01Z,PT13M17S,212395106,3773660,80322
E6E22XQPhhg,Anything You Can Fit In The Triangle I‚Äôll Pay For,2021-06-01T20:00:02Z,PT16M8S,260706509,3643690,82168
TQHEJj68Jew,I Got Hunted By A Real Bounty Hunter,2021-04-24T20:00:00Z,PT13M28S,233535864,4359070,120205
WcwGleN38zE,"Extreme $100,000 Game of Tag!",2021-04-17T20:00:00Z,PT16M39S,265992533,3990649,116342
fMfipiV_17o,"Would You Sit In Snakes For $10,000?",2021-04-10T21:00:07Z,PT14M7S,371170389,5745025,139755
ayXxwJJId_c,"I Bought The World's Largest Mystery Box! ($500,000)",2021-04-03T20:00:01Z,PT10M50S,288675584,5515862,174088
9bqk6ZUsKyA,I Spent 50 Hours Buried Alive,2021-03-27T20:00:04Z,PT12M40S,336580725,8342746,242947
DuQbOQwVaNE,"Offering People $100,000 To Quit Their Job",2021-03-13T21:00:02Z,PT10M27S,167612475,3533715,111411
vJH28ICkCdU,I Sold My House For $1,2021-03-06T21:00:02Z,PT9M20S,181198033,4031512,115184
_uwNDiU04zE,"I Donated $300,000 To People In Need",2021-02-13T21:00:01Z,PT10M54S,56733887,3021784,143296
C680oxL__ck,"I Ate $100,000 Golden Ice Cream",2021-01-22T21:00:03Z,PT13M17S,296925914,6123019,172200
5Fg9oZk-5uA,I Bought Everything In 5 Stores,2021-01-09T21:01:25Z,PT13M50S,201255346,5688840,189446
PKtnafFtfEo,YOUTUBE REWIND: 2020,2021-01-01T21:00:03Z,PT6M31S,73139256,5030852,274004
f0c7pSCoZqE,"I Put 1,000,000,000 Christmas Lights On A House (World Record)",2020-12-23T21:00:06Z,PT11M22S,131859029,2996557,105861
dg2Ag3e8W-Q,I Opened A Restaurant That Pays You To Eat At It,2020-12-19T22:00:03Z,PT9M32S,201487411,5174642,725470
LeYsRMZFUq0,"I Gave People $1,000,000 But ONLY 1 Minute To Spend It!",2020-12-15T21:00:11Z,PT14M18S,235797815,7021246,184255
Dc2ZRmuH5OM,"Steal This $100,000 Diamond, You Keep It",2020-11-28T21:00:04Z,PT14M3S,228746548,3693611,92346
GLoeAJUcz38,"Press This Button To Win $100,000!",2020-11-14T21:00:02Z,PT15M11S,353020937,4819646,91797
SZQhgExjBvQ,I Survived 24 Hours Straight In Ice,2020-10-29T20:17:44Z,PT11M34S,181141279,4253618,192966
IoZri9hq7z4,I Uber‚Äôd People And Let Them Keep The Car,2020-10-24T20:00:01Z,PT14M11S,150675273,4200086,85218
vp5sSqyZ5Go,I Filled My Brother‚Äôs House With Slime & Bought Him A New One,2020-10-10T20:00:31Z,PT9M25S,256888254,4111772,115758
AKJfakEsgy0,Hi Me In 5 Years,2020-10-04T20:00:54Z,PT2M8S,145730491,7329566,258830
Vl3swga-Xrk,"Would You Rather Have A Giant Diamond or $100,000?",2020-09-26T20:40:02Z,PT12M24S,201597681,3069804,71471
UE5AHE2Ypr8,"I Gave My 40,000,000th Subscriber 40 Cars",2020-09-19T20:00:02Z,PT17M11S,208019964,4845852,184343
TDiXxsQ0w2Q,Why I Haven‚Äôt Been Uploading,2020-09-17T20:00:05Z,PT5M54S,59253512,2790599,94292
oD155zWANQg,"Get This Random Person 1,000,000 Subscribers",2020-09-05T20:00:17Z,PT14M5S,87509425,2651710,119974
s1ax8Tx_Jz0,Would YOU Rather Have A Lamborghini or This House?,2020-08-22T20:00:01Z,PT18M26S,229326526,4148223,150569
NkE0AMGzpJY,"Last To Leave $800,000 Island Keeps It",2020-08-15T20:00:02Z,PT21M15S,290659928,5868305,224052
FbM1yi4mMMc,I Bought A Private Island,2020-08-13T20:00:07Z,PT11M37S,182612444,3991831,127001
5V2B28OqfqM,"I Spent $1,000,000 On Lottery Tickets and WON",2020-08-08T20:00:02Z,PT10M13S,149251430,3394571,84627
Rj_vssRaZlQ,I Ate The World‚Äôs Largest Slice Of Pizza,2020-08-01T20:00:02Z,PT8M3S,317928987,4840338,136551
YQDDm9HLkV4,I Adopted EVERY Dog In A Dog Shelter,2020-07-23T20:00:11Z,PT16M4S,272526710,5008904,207539
erQ_9yEz0ls,"$1 vs $100,000 Firework!",2020-07-03T21:00:20Z,PT11M9S,252876921,5442424,180344
OAbP-V6fEVc,I Broke Into A House,2020-06-25T20:00:00Z,PT14M2S,207314474,3951832,197443
_qAJMXfL6o0,"Would You Rather Have $100,000 OR This Mystery Key?",2020-06-13T20:00:01Z,PT17M55S,272309663,4212950,120801
59AYXzCa-Cs,I Built The World's Largest Lego Tower,2020-06-06T20:00:01Z,PT13M56S,212735169,3620058,76570
r7zJ8srwwjk,I Spent 50 Hours In Solitary Confinement,2020-05-30T20:10:08Z,PT15M52S,337430222,5090121,116727
YSoJPA8-oHc,If You Click This Video I'll Give My Friend .001$,2020-05-23T21:01:02Z,PT17M21S,226312184,7532452,168038
5Hg_QSIJm8I,"I Gave $200,000 To People Who Lost Their Jobs (Corona Virus)",2020-05-07T19:59:59Z,PT15M19S,47325976,1405584,63468
gsWPpE4Rid0,Videos I Could Not Upload...,2020-04-30T20:00:08Z,PT13M32S,173481144,4127648,65523
HBMmK1c44sE,I Spent 24 Hours In A Doomsday Bunker,2020-04-11T20:00:00Z,PT11M59S,227903277,3431073,79366
oBYbxw8f5OI,"Giving $1,000,000 Of Food To People In Need",2020-03-27T20:00:05Z,PT12M29S,68217121,1956012,64920
AiGKBNGlzHo,I Ran A Marathon In The World's Largest Shoes,2020-03-21T20:00:02Z,PT13M49S,187286749,3537486,70402
_mdKvblL_8s,"$70,000 Extreme Hide And Seek - Challenge",2020-03-13T20:00:04Z,PT17M21S,159751902,2804259,66878
yXWw0_UfSFg,Anything You Can Fit In The Circle I‚Äôll Pay For,2020-03-07T21:00:00Z,PT19M43S,326959260,5303412,112949
F4Y3Pkn95GI,"I Ate A $70,000 Golden Pizza",2020-02-29T21:00:22Z,PT12M36S,280707115,4476853,110374
KSKJKLmAqpI,"Lambo Race, Winner Keeps Lambo",2020-02-08T21:00:02Z,PT14M48S,150544547,2755673,54971
IYVjOfoU3uI,I Gave My Credit Card To Random People,2020-02-01T21:00:01Z,PT16M48S,200061466,4118429,97269
oI6aXhowFDY,"Get Every Boy Scout Badge, Win $10,000",2020-01-25T21:00:01Z,PT13M38S,130067940,2313376,45822
LdMx2U5tby0,"$60,000 Extreme Hide And Seek - Challenge",2020-01-17T21:00:01Z,PT17M59S,175220871,2970411,50394
fY-LA3YaZ_M,"How I Gained 15,000,000 Subscribers In 1 Year",2020-01-03T21:10:01Z,PT6M34S,19736911,897268,39710
0hVZOJCYBBM,Important Youtube Announcement (please watch),2019-12-28T21:00:06Z,PT2M35S,39203304,2421456,125444
Z9WQy9jEY8M,"Giving 10,000 Presents To Kids For Christmas",2019-12-23T21:00:04Z,PT13M48S,81736018,3150250,170658
bs0SWXbty18,"Spending $1,000,000 In 24 Hours",2019-12-21T21:00:01Z,PT15M10S,206095226,4848875,126683
yeqARWqjkps,"Last To Take Hand Off $1,000,000 Keeps It",2019-12-19T21:00:12Z,PT15M17S,148158759,3452458,296006
wMuYiLby3-s,"Last To Stop Riding Bike Wins $1,000,000 (Part 4)",2019-12-14T20:59:57Z,PT11M45S,68436059,1505388,91654
NbaWrbJDr48,"Last To Leave Toilet Wins $1,000,000 (Part 3)",2019-12-07T21:11:07Z,PT15M46S,104295633,1964377,48761
sfv1QaRzJg8,I Ordered Pizza And Tipped The House,2019-12-05T21:00:02Z,PT12M50S,157435037,4401708,105375
RwnN2FVaHmw,"Last to Stop Swinging Wins $1,000,000 (Part 2)",2019-11-30T21:00:03Z,PT13M3S,146920715,2381940,80849
X1jMMFOqxEw,"$50,000 Game Of Extreme Hide And Seek - Challenge",2019-11-28T21:00:01Z,PT13M48S,167861376,3118231,51194
ORUX1lHbOa8,I Opened A FREE BANK,2019-11-23T21:00:17Z,PT10M52S,128061328,3043092,94086
LU_xVr4b2qM,"Going Around A Ferris Wheel 1,000 Times Straight",2019-11-16T21:00:47Z,PT12M56S,132464644,2624495,49798
tQ4m4zD7BBA,"Last To Fall Wins $1,000,000 (Part 1)",2019-11-14T21:00:31Z,PT16M57S,168448803,3169098,56671
D9lVNzyhYnc,Surviving 24 Hours Straight In The Bermuda Triangle,2019-11-09T21:00:55Z,PT11M41S,263509563,4456397,99672
jokVbbLqV_E,"I Spent $100,000 On Lottery Tickets And Won!",2019-10-31T20:00:02Z,PT15M10S,58031465,1433906,29794
HPJKxAhLw5I,"Planting 20,000,000 Trees, My Biggest Project Ever!",2019-10-25T19:01:01Z,PT7M23S,117274149,4549461,160587
Ims5p6wjW9s,"Last To Take Hand Off Boat, Keeps It",2019-10-19T20:06:01Z,PT16M48S,136204538,2154890,57109
anFxsa5jXrE,"I Searched 100 Dumpsters, Here's What I Found",2019-10-12T20:10:01Z,PT17M9S,230246535,3187073,57032
QxGVgXf_LNk,"Going Through The Same Drive Thru 1,000 Times",2019-10-05T20:00:08Z,PT15M38S,309262088,5206959,131503
al6130OD1Ck,"Donating $100,000 To Random Streamers",2019-09-28T20:29:58Z,PT14M46S,66897446,1910366,42377
d1010B3sKNQ,Surviving 24 Hours Straight In A Rain Forest,2019-09-21T21:00:00Z,PT13M9S,144505664,2713563,72876
NS3hse9ezik,"Last To Leave Ramen Noodle Pool Wins $20,000",2019-09-13T20:00:05Z,PT14M32S,78004992,1602185,43700
npDey6_9YRs,"Anything You Can Carry, I'll Pay For #2",2019-09-06T20:00:00Z,PT13M59S,90900951,1744680,34632
0NGWT9COcEI,"I Gave My Brother 24 Hours To Spend $100,000",2019-08-31T20:00:01Z,PT13M8S,107518709,2583492,56503
3LLnjRLrvLU,I Opened A Free Car Dealership,2019-08-29T20:00:00Z,PT15M20S,152763030,3533496,137086
bTrV5v7GLcQ,"Last To Leave Pool Of $20,000 Keeps It",2019-08-24T20:00:01Z,PT16M39S,186714790,3359519,81794
lBYC4_Lccjw,Surviving 24 Hours On A Deserted Island,2019-08-22T20:00:07Z,PT13M52S,211646039,3658208,79961
gL6iSCSHjco,"Last To Leave Roller Coaster Wins $20,000 - Challenge",2019-08-17T20:00:00Z,PT15M7S,166772202,3064156,66546
UQtltNZ_pjs,I Won Every Prize At A Theme Park,2019-08-15T19:59:59Z,PT13M22S,187296906,3029917,67707
0DaMUhgcAqo,Destroying My Friend's Car And Surprising Him With A New One,2019-08-10T20:00:00Z,PT14M43S,115079999,2864812,61098
TOcGSwJBPMQ,I Spent 24 Hours Straight At Area 51,2019-08-02T21:00:01Z,PT15M15S,190875840,3977323,99255
ws694xrKopA,"Can 50,000 Magnets Catch A Cannon Ball?",2019-07-20T20:00:02Z,PT9M29S,134925375,2218537,46299
UtnsWzaoRtg,World's Largest Game Of Dodgeball,2019-07-12T20:05:00Z,PT11M17S,93359258,1712579,56960
6wsFjjhZPJI,"Last To Leave Revolving Door Wins $50,000",2019-07-02T20:00:01Z,PT13M44S,169280727,3699917,179931
Rmf6T_Ewt38,Tipping Waitresses With Real Gold Bars,2019-06-21T20:00:01Z,PT12M7S,70797229,1824431,83763
n6qc4LHN2KQ,I Opened The World's First FREE Store,2019-06-15T20:00:00Z,PT14M51S,97046115,2385929,75845
2eFSU7TFOnk,Spending 24 Hours On Top Of A Mountain,2019-06-13T20:00:01Z,PT15M24S,228276053,4062235,115965
RCvnytndd9c,"Last To Leave VR Wins $20,000",2019-06-08T20:00:01Z,PT14M18S,169178825,3294498,93821
AA-VpIj8F5Y,"Last To Stop Running Wins $20,000",2019-06-06T20:00:00Z,PT14M58S,123240507,2386554,65822
fWcSBWadolA,"Paying People $10,000 To Eat Ghost Pepper",2019-06-01T20:05:01Z,PT14M46S,40918476,1118221,34640
YyhKdOCwD7s,24 Hours In The Most Haunted Place On Earth,2019-05-30T20:07:01Z,PT15M7S,152442995,3137205,139488
ha4tRQwKIUg,I Bought Everything In A Store - Challenge,2019-05-18T20:05:02Z,PT16M56S,165516405,4339497,180359
xRwy_rKc7gI,"Last To Leave World's Largest Bowl Of Cereal Wins $10,000",2019-05-15T21:05:01Z,PT15M42S,257863160,3461671,86625
H1WBdh56Vq4,Spending 24 Hours In A City With No Laws,2019-05-07T21:00:01Z,PT14M29S,186872192,3008893,67280
xhIYirjB4Yc,"Giving $10,000 To Random People And Saying Nothing",2019-04-30T20:00:06Z,PT15M59S,83551474,1857674,49655
HfJMs4mrSJM,Molten Lava Vs Giant Ice Block Experiment,2019-04-27T20:00:02Z,PT7M38S,100479011,1858568,41111
tYHTVjfShOA,"Anything You Can Carry, I'll Pay For Challenge",2019-04-20T20:00:03Z,PT15M9S,93550568,1790820,90457
JTQcIR2ZxU4,Homeless Man Buys A Lamborghini,2019-04-18T20:05:00Z,PT14M20S,199898882,4333850,80415
xpNeg0hPZIs,Playing Battleship With Real Ships,2019-04-06T20:05:58Z,PT15M32S,38487097,1012726,34412
9yrdFAJUSaU,"Donating $100,000 To Shroud In Real Life",2019-04-04T21:05:59Z,PT14M14S,32376489,875547,19860
i2O6GMpNWGo,"Last To Leave The Tesla, Keeps It Challenge",2019-03-29T21:05:00Z,PT18M29S,120997642,2081439,44623
Y6jC6VaO3j0,"Donating $100,000 To Streamers With 0 Viewers",2019-03-24T20:00:04Z,PT14M37S,108658042,3532603,75311
Ooke4YZv8Ts,Surviving 24 Hours Straight In A Desert,2019-03-16T20:05:00Z,PT14M4S,184547057,3390500,96390
ZV7rU6lnAKQ,"$200,000 Youtuber Battle Royale",2019-03-12T22:00:00Z,PT13M36S,56475339,1739491,142144
iUzi5JmJNWc,Surprising Strangers With 100 Zombies - Experiment,2019-03-03T22:04:59Z,PT9M49S,61429072,1791812,55393
9cCpZl8euLI,I Gave A Homeless Man A Home,2019-02-28T22:06:00Z,PT12M57S,87135068,2226566,111238
I046_n20d3s,Standing Still For 24 Hours Straight - Statue Challenge,2019-02-22T22:05:59Z,PT18M16S,124936365,2043678,36597
2nd73lyvq4w,Giant Monopoly Game With Real Money,2019-02-15T22:05:00Z,PT14M55S,134799546,2484729,68023
nuM0Z4a7kMs,I Spent 24 Hours Straight In Insane Asylum,2019-02-10T21:05:00Z,PT15M56S,123300573,2354954,133387
qPBtTPJHS0Q,I Advertised Pewdiepie At The Super Bowl,2019-02-04T22:00:01Z,PT12M45S,45210592,1246685,64133
A-vX1AGBGsc,"Pass All 12 Grades, Win $10,000",2019-01-31T22:05:00Z,PT17M31S,231039563,3527012,142105
IiW2smvEcBM,I Opened The World‚Äôs Cheapest Store,2019-01-26T21:05:00Z,PT15M19S,41701301,1144661,82461
q6Qw8mUVTrE,I Put 10 Million Legos in Friend's House,2019-01-18T22:04:59Z,PT15M17S,117100361,1720585,62326
dBxOYE2j55U,Make This Video The Most Liked Video On Youtube,2019-01-16T22:05:01Z,PT13M11S,155121739,30253423,309884
984NGLLYDUg,"20,000 Magnets Vs A Car",2019-01-14T22:05:00Z,PT12M3S,34454469,770170,23440
7zi0bi-RDj4,"Eating A $10,000 Golden Steak (24k Gold)",2019-01-11T22:05:00Z,PT16M30S,161531591,2437682,89224
XaxhLbxZ13k,Last To Take Hand Off House Keeps It!,2019-01-08T21:05:00Z,PT17M30S,100793786,1678217,44244
L8nh1wuXTbI,"I Gave Him One Hour To Spend $100,000!",2019-01-01T21:05:01Z,PT13M45S,83110364,1644830,68245
9-HphHIJS9c,"How I Gave Away $1,000,000",2018-12-25T21:05:01Z,PT15M14S,14565131,488876,33672
rPXmbM2UEbU,"Giving $100,000 To A Homeless Person",2018-12-23T21:00:01Z,PT14M44S,31559287,1024465,69984
sESRuTyfsEk,I Spent 24 Hours Straight In Prison - Challenge,2018-12-19T21:05:02Z,PT13M1S,119391314,2116057,74053
QapO3maXd9k,Donating $10000 To Pewdiepie,2018-12-16T21:05:02Z,PT15M15S,47389369,1729004,49129
71VpdDb8e6U,"Last Youtuber To Leave Wins $100,000 - Challenge",2018-12-12T21:00:02Z,PT24M39S,106261315,2162791,94625
Su34c5Z8DW4,I Put Millions Of Pennies In My Friends Backyard,2018-12-08T21:05:02Z,PT14M41S,188296725,2846589,64209
e5DqdX-7_g4,Surprising TFue With A Fortnite Battle Bus In Real Life,2018-12-07T22:11:00Z,PT14M25S,103081181,1891168,63025
9vB-48kHbBU,I Built A Giant House Using Only Legos,2018-12-02T20:05:01Z,PT13M49S,65232710,1037055,48669
3ix_gbcubTo,"Last To Leave Slime Pit Wins $20,000 - Challenge",2018-11-30T21:11:01Z,PT17M50S,150327546,2412756,73044
mGIpOtncmSM,"Saying Pewdiepie 100,000 Times",2018-11-25T21:07:01Z,PT11H48M40S,26645240,1690392,166653
VqnQ-0q2gb4,Destroyed Friend's House And Bought Him A New One,2018-11-24T21:06:01Z,PT14M38S,43895291,1130490,67894
3TflpIllQHY,I Put 100 Million Orbeez In My Friend's Backyard,2018-11-22T21:08:01Z,PT14M45S,245205770,5356196,138557
1SwVSTKFCsc,"Spending $40,000 In One Hour Challenge",2018-11-17T21:06:02Z,PT14M3S,44895416,931854,54469
ZPuEUe_8SRM,"Giving My 10,000,000th Subscriber 10,000,000 ___",2018-11-13T21:05:04Z,PT18M19S,29875347,815799,32114
gKVZz4kcuns,"$10,000 Games Of Rock Paper Scissors",2018-11-04T21:05:02Z,PT13M7S,18634544,512893,25018
xBP9EUQIkNs,"You Pick The Right Cup, You Win $100,000!",2018-10-28T20:06:01Z,PT17M35S,36305093,975041,35332
qZNxvnQv0h4,I Bought Every Billboard In My City For This,2018-10-26T21:06:02Z,PT15M31S,38839005,1315337,105316
uE6gud1voDs,"Ordering Water Then Tipping $30,000",2018-10-23T20:11:02Z,PT11M45S,45932412,1200720,46304
f0M64XpmTz8,"I Spent $50,000 On Lottery Tickets And Won ____",2018-10-19T21:05:02Z,PT16M54S,31392864,746538,33299
Gz3yak1cl-8,"Last To Leave Circle Wins $10,000 - Challenge",2018-10-12T22:05:04Z,PT16M36S,98132597,1671285,59056
9GD6hbqu2oM,I Spent 24 Hours Straight In Slime,2018-10-09T20:05:02Z,PT14M38S,44032340,936758,32817
GUWGsIVEMSQ,"Surprising Tfue With $10,000 Live - Fortnite",2018-10-04T20:07:01Z,PT15M23S,75044864,1535809,46955
wDqJZ_2ZA3A,"I Spent $30,000 On Lottery Tickets And Won ____",2018-09-28T21:05:00Z,PT17M32S,17360592,426127,21611
RywkkwO78m8,Flat Earth PROVEN By Independent Research,2018-09-22T20:05:01Z,PT11M52S,28752216,794582,133383
P4qWhSZ7_WA,Things That SHOULDN'T Be Sold On Amazon,2018-09-21T22:06:01Z,PT14M6S,152501306,2304524,55684
UlUcwJc5nBs,"Surprising My 8,000,000th Subscriber With 8,000,000 ___",2018-09-19T20:05:01Z,PT18M52S,37396958,585143,18446
qAW6CE7_bFM,"I Donated $25,000 To Random Kids Streaming Fortnite",2018-09-14T20:09:01Z,PT17M37S,65623554,1316775,39231
tBEBc4KQVsU,I Hope This Magic Trick Works,2018-09-11T21:13:59Z,PT16M22S,43671556,717848,18829
q0OK-zHnvnA,Can A Glowing 1000 Degree Sword Slice A Car In Half?,2018-09-06T21:09:00Z,PT9M58S,70002192,1140785,37710
bFZdU9dr4OM,Rocket League In Real Life!,2018-09-01T21:08:58Z,PT12M55S,28812982,541540,16148
nd-bwvNB7YA,Destroying My Friend's Car And Surprising Him With A New One - Slime,2018-08-28T22:08:59Z,PT16M11S,121488102,2492589,66959
6_im_hGxGRk,Spending 24 Hours Straight Under Water Challenge,2018-08-24T22:09:00Z,PT15M11S,145557535,3577528,105554
b91vrgVY-ZQ,"Attempting The Impossible Maze - $10,000 Challenge",2018-08-15T21:08:59Z,PT19M47S,57092445,1009800,32174
52ubXjlVzUY,"Donating $100,000 To A Random Fortnite Streamer",2018-08-05T22:00:00Z,PT22M57S,53470962,1112274,50345
XHb7g6yuGgE,Moving 10 Pounds Using ONLY Sound,2018-08-02T21:09:00Z,PT13M46S,45826935,1211625,49763
rH1D_3G56DY,Returning Destroyed Rental Cars Prank,2018-07-27T21:09:00Z,PT10M30S,37414597,622028,17394
-0zoWMSEOGg,"I Gave My 6,000,000th Subscriber 6,000,000 ____",2018-07-25T21:11:00Z,PT18M33S,17739624,394770,32070
WRzIuC2MKOU,"Can 1,000 Fans At Max Speed Push A Car?",2018-07-17T21:41:02Z,PT11M53S,28816390,621053,36625
foLlul8Tl3E,"I Donated $50,000 To Ninja - Fortnite",2018-07-14T21:06:00Z,PT21M26S,98475271,2145597,59453
3iaDrpKdaIc,I Ubered Random People In A Tank,2018-07-11T21:16:00Z,PT10M4S,30226153,864281,43121
qrIh-ZHN4-E,World's Hottest Substance Vs Coldest Substance,2018-06-30T21:09:00Z,PT11M52S,96777382,1779279,53779
mpZWt5pGKZ8,The Real Way Dinosaurs Went Extinct,2018-06-28T21:12:01Z,PT5M51S,29552089,806240,43530
vbph9F_pRNI,I Donated $1000 Every Time She Blinked - Fortnite Streamers,2018-06-24T21:10:00Z,PT15M46S,21869492,640326,24510
wbzD04leeLI,Do Water Repellent Shoes Actually Work?,2018-06-22T22:11:00Z,PT11M38S,132209192,2002094,63855
MC5h-ShR-S8,"We Drove 3,000 Miles For The World's Best Burger",2018-06-09T21:13:59Z,PT13M49S,54958039,1223410,93820
dp8IaLrZpGs,"I Gave My 5,000,000th Subscriber 5,000,000 ______",2018-06-08T22:36:59Z,PT11M31S,11354992,292951,18962
97Gh93Daio0,I Made Money Grow On Trees,2018-06-01T22:09:00Z,PT10M34S,17376556,431171,35988
t4OumncEiKo,I Took Apart My Friends Car And Put It In His Room,2018-05-25T22:41:59Z,PT10M16S,15907253,315886,12089
Ejou8aa5eZk,How Many Rubber Bands Does It Take To Snap A Safe?,2018-05-22T22:14:01Z,PT10M16S,37399995,913453,44120
ehEuczQUh8E,Pulling Cars Over Using A Toy Police Car,2018-05-13T21:10:01Z,PT13M17S,24773378,543192,18479
uBC7805Smsg,"I Gave $500,000 To Random People",2018-05-11T22:40:59Z,PT15M3S,15226673,453277,30597
d8pJkuSp1iI,How Many Toy Cars Does It Take To Pull A Real Car?,2018-05-04T22:08:58Z,PT11M48S,41344475,761888,26757
dFr5YQaQQdo,"I Gave $20,000 To People From An Ice Cream Truck",2018-05-02T22:11:00Z,PT13M42S,14806234,347307,20972
xBLxMfO3pDw,$10000 Ice Sculpture Vs Flame,2018-05-01T22:09:00Z,PT15M9S,23923513,504240,29585
d7QmQtNwhcU,"Can 1,000 Rolls Of Duct Tape Stop A Car??",2018-04-30T22:09:00Z,PT10M23S,26990977,546563,24350
NZR4WEjpOQg,Winning A Game Of Fortnite In The Middle Of The Ocean,2018-04-25T22:09:02Z,PT9M44S,31508085,781676,46832
vETSAZgfDP4,I Flew Using Only Balloons AND Leaf Blowers,2018-04-23T22:09:02Z,PT11M18S,32825403,653209,44421
zE3FLbpu9-Q,"I Donated $40,000 To A Random Twitch Fortnite Streamer (world record)",2018-04-21T21:07:02Z,PT24M43S,24591611,630966,28987
Izmibu7dxcs,Destroying My Friend's Car And Surprising Him With A New One,2018-04-13T22:21:00Z,PT15M12S,39264906,627324,35497
2Pvt8awds44,Walking Up To Random People With 100 StormTroopers,2018-04-11T22:09:01Z,PT10M4S,20148149,502631,38177
n9BbAfbsyj0,"I Donated $10,000 If They Said This Word (Twitch Streamers)",2018-04-04T22:19:00Z,PT13M5S,20133545,555041,21807
WZ2rYlVxt4g,"Giving My 4,000,000th Subscriber 4,000,000 Cookies",2018-04-02T22:09:01Z,PT10M41S,13395914,342390,24095
CWK6an4mYL0,"I Tipped Waitresses $20,000",2018-03-30T21:09:03Z,PT12M24S,14994079,355755,19507
VwWV4JelEzY,Walking Into Random Stores With 100 Dinosaurs,2018-03-22T22:43:02Z,PT10M12S,33721014,895745,44277
koRKIlRQj4g,I Built A Mansion Using Only Cardboard Boxes,2018-03-20T22:50:00Z,PT7M8S,25897367,574785,23266
XKFKPQHdWRI,Breaking Glass Using Only Megaphones,2018-03-17T22:22:47Z,PT8M54S,54364326,1405857,74457
yuGEB4ZZdUQ,Tying My Shoes In Every State (World Record),2018-03-16T22:09:02Z,PT15M10S,18158716,453756,41094
szt8xabJoSo,"Donating $10,000 To Fortnite Streamers If They Win",2018-03-03T23:21:02Z,PT14M31S,11381042,273742,15673
Fbl3E_XCQfA,Trying To Fly Using Only Leaf Blowers,2018-03-01T23:09:03Z,PT13M2S,18440884,428710,28480
Pe3pGsCeYXg,"Giving 3,000,000 Pennies To My 3,000,000th Subscriber",2018-02-22T23:14:03Z,PT10M10S,8858746,235460,21832
yzGmnjDFuZE,"I Donated $30,000 To My Favorite Twitch Streamer (ninja)",2018-02-21T23:19:01Z,PT11M17S,36792195,859113,38409
l_huIWJBhJM,I Bought An Expensive Car Using Only $1 Bills,2018-02-13T23:10:01Z,PT10M29S,37686219,1077274,35103
7ALCsEyn3mg,I Bought The World's Most Expensive Apps ($10k),2018-02-08T23:35:00Z,PT10M19S,27106284,761245,24773
CvMRiR4k49Y,We Delivered 100 Pizzas To Random Houses,2018-02-02T23:12:01Z,PT10M3S,9211355,228176,10909
g2rbhIB-ITM,"I Donated $30,000 To A Random Twitch Streamer (world record)",2018-01-28T00:11:02Z,PT18M26S,32905683,1053210,54515
nLpqZEAFnkE,I Bought A Car Using Only Pennies,2018-01-25T23:10:03Z,PT12M8S,26628574,720433,38355
sirrTXiPFmw,I Bought One Snickers Bar From Every Walmart,2018-01-13T23:15:01Z,PT10M8S,45055255,1120093,69422
nRkwuTOESCc,Donating Big Donations To Twitch Streamers!!!,2018-01-11T22:37:00Z,PT18M38S,27762100,580768,36125
AS6WMS_Bemg,I Can't Believe I Found This Stuff On Amazon..,2017-12-22T23:19:10Z,PT7M8S,31322716,1191252,23649
wMn8d7IeCYM,"Saying ""Keep Net Neutrality"" For 10 Hours",2017-12-17T20:37:34Z,PT10H2S,2415966,84512,9750
BMZP4CtphaU,Life Hacks You Need To Know,2017-12-08T22:49:10Z,PT6M50S,7400294,201729,10653
93s1JECSy60,"Giving My Mom $100,000 (Proudest Day Of My Life)",2017-12-02T21:10:08Z,PT11M8S,32058606,1533283,43368
YR6Wh2Zy9jE,"2,256 Miles In One Uber Ride (World Record)",2017-10-28T22:30:00Z,PT10M8S,43741354,1112084,42431
5PCxQSMOl3o,i'm really sorry,2017-10-26T21:30:00Z,PT3M11S,5950699,204900,10056
5qzAVMe_SnM,Hi Me In Two Years (Made Two Years Ago),2017-10-04T21:30:00Z,PT1M50S,13770280,600622,38273
zAAXW7ySu1k,"Tipping Uber Drivers $10,000",2017-08-30T22:40:02Z,PT11M14S,4664992,127958,7999
sx5k8xd_VoU,Going To The Connor McGregor fight!,2017-08-28T20:31:04Z,PT5M42S,6124755,229795,11105
uotb9ZHnI2g,"Tipping Pizza Delivery Guys $10,000",2017-08-23T21:44:24Z,PT10M27S,23147575,700720,39768
nPlqRbVFBHI,"Microwaving my iPhone, what happens next might shock you..",2017-08-20T19:37:51Z,PT5M36S,2791724,123607,8495
_FX6rml2Yjs,"Saying Logan Paul 100,000 Times",2017-08-19T14:00:58Z,PT17H6M7S,23625952,931036,108528
kupaqq-xJ_8,"Donating $10,000 To Random Twitch Streamers",2017-08-15T19:20:09Z,PT14M42S,10870473,226620,17614
4KVmSG6KS2k,"Giving Homeless People $1,000 (Not Clickbait)",2017-06-28T22:00:02Z,PT8M47S,6654017,229247,18845
Lx9fRu5ehFo,We Are Better Than Dude Perfect,2017-06-24T18:40:12Z,PT2M37S,27617600,667442,37596
ZJwX2jTXWwQ,Watching It's Everyday Bro For 10 Hours Straight,2017-06-17T21:06:02Z,PT10H11S,28293492,820898,69536
N_GMakKf7G4,"Giving A Random Homeless Man $10,000",2017-06-15T23:10:02Z,PT10M2S,11322941,563387,33580
63gyUQ_JeOE,Toothpaste Life Hacks YOU SHOULD KNOW,2017-06-13T22:30:01Z,PT4M22S,19782481,498399,15091
IZVbzNRUlQI,"Reading The Longest English Word (190,000 Characters)",2017-06-02T22:00:01Z,PT1H54M49S,35722299,818981,57394
8D3vI1615K4,Fidget Spinner Vs Face (Legit Had To Get Stitches),2017-05-02T23:30:00Z,PT7M7S,44346960,1669510,87185
igVcy5dtN80,Grilling A Microwave Microwaving A Microwave Microwaving A Toaster Toasting An Iphone Watching Micro,2017-03-30T22:10:41Z,PT3M8S,2144313,72480,4958
dEOlvTqYUNo,#1 MOST INSANE MAGNET LIFE HACK EVER,2017-03-24T21:40:17Z,PT5M9S,26300963,521201,17940
AS5CxLCWq-Q,Watching Dance Till You're Dead For 10 Hours,2017-03-21T22:40:12Z,PT10H1S,54670174,2615703,
jtOalDNVrKM,I Can't Break My Strange Addiction,2017-03-19T21:45:07Z,PT4M45S,1954451,95691,8832
dDYP56hEYF0,OMG! INSANE CUP FORT,2017-03-14T22:40:01Z,PT4M11S,4157318,96322,9257
iengNekeTNo,Reading The Youtube Terms Of Service,2017-03-07T23:10:02Z,PT25M57S,571735,19797,3573
rqUvnLPvbrM,Reacting To The Reaction Of The Reaction To The Reaction Of The Reaction Of The Reaction To The Reac,2017-02-22T00:00:04Z,PT33M29S,7725844,322657,24655
9CVwXBYVqVk,"Counting To 200,000 (Road To A Mil)",2017-02-18T00:00:03Z,PT23H34M38S,4074145,155118,19086
i8pmk5xnO2s,Microwaving Dry Ice (Microwave Explodes),2017-02-09T22:29:35Z,PT5M56S,3354857,96781,5653
xWcldHxHFpo,"I Counted To 100,000!",2017-01-09T00:00:39Z,PT23H48M7S,32470178,1503223,131958
YH1-fDzHHpo,we are number one but every one is a bad intro,2016-12-25T00:00:00Z,PT3M41S,1989028,56346,8234
ntlG5XgYg4k,Microwaving A Microwave Microwaving A Toaster,2016-12-23T00:00:04Z,PT14M17S,4965947,89450,15015
Qy17S3g8ZuY,HOW TO UNLOCK ANY IPHONE WITHOUT THE PASSCODE,2016-12-21T02:00:00Z,PT8M51S,23151987,581858,33379
PJyWmlWNor8,WHY DO THEY SELL THIS ON AMAZON?,2016-12-18T02:00:04Z,PT8M31S,8847217,716501,13033
KzwTYZ2W3ZA,Microwaving A Microwave,2016-12-09T02:45:18Z,PT9M5S,11822155,439453,41238
9fa_JYTPZ2Y,IF YOU ONLY SEE ORANGE YOU'RE COLOR BLIND,2016-12-05T02:21:43Z,PT3M53S,1841995,93072,7609
t1BWMa8btIw,I Mailed Myself IN A BOX & it REALLY WORKED! (Human Mail Challenge),2016-11-30T02:31:18Z,PT5M2S,16514391,454611,15825
2O8wta4FsD4,STUPIDEST PERSN ON EART (Really Dumb),2016-11-28T00:01:52Z,PT4M22S,2532854,183854,12328
dSDBr0WjrwQ,"Reading The Entire Bee Movie Script But Everytime They Say ""Bee"" I Repeat All the Previous Bees",2016-11-25T01:43:37Z,PT1H30M59S,11007971,216214,11846
DbC9CauTXoM,THE WORST THINGS EVER TO EXIST,2016-11-19T00:40:47Z,PT4M40S,3805385,327500,18134
yhNcDBnQsEY,BLOWING UP $1000 KEYBOARD *RIP WALLET*,2016-11-11T23:02:10Z,PT5M,3885162,226067,4890
Wyyqz3OxB5c,MY $1000 KEYBOARD CHANGED MY LIFE,2016-11-03T21:32:53Z,PT3M33S,13448070,353959,7791
KO8B2kw_Jxs,I BOUGHT A 1000$ KEYBOARD,2016-10-25T21:06:50Z,PT6M21S,1634340,38413,2791
NEDPgQYhbqs,IF ONLINE ADS WERE REAL,2016-10-16T20:30:00Z,PT4M36S,9899494,577919,17690
RPcXg2-0ejw,Bleach Bottle Flips (COP CALLED),2016-10-09T20:06:23Z,PT4M43S,1243582,55379,3079
jhYG5BStQSk,Hi Me In A Year (Scheduled Uploaded A Year Ago),2016-10-04T21:00:01Z,PT1M59S,1767051,56467,4708
wTIPpjUgAFE,Epic New Gaming And Youtube Setup 2016,2016-09-30T22:32:04Z,PT5M,421218,15168,923
Fzh65vCyHWQ,24 HOUR EXPLOSION GIVEAWAY! WIN GIFTCARDS,2016-09-05T22:31:58Z,P1DT2S,837946,35288,4556
vBp0bzVr09s,LISTENING TO OLD VOICEMAILS FOR THE FIRST TIME,2016-08-28T21:00:01Z,PT5M13S,389817,11823,1039
AXjdI_LHWJU,GAMBLING MONEY WITH SCRATCH OFF TICKETS,2016-08-26T22:30:01Z,PT7M56S,3094755,59733,3394
dJCsc_Cq9i4,BEST WALMART TOILET PAPER FORT,2016-08-24T21:00:01Z,PT4M16S,1478243,50865,2988
bqpKlkPpT10,100 LAYERS OF SARAN WRAP + TOILET PAPER!!,2016-08-23T21:01:56Z,PT7M43S,3356193,139298,6759
TIIU1ivhLKs,WORST REVIEWS ON AMAZON #4 *FUNNY*,2016-08-21T21:17:07Z,PT3M23S,1659060,124563,3564
G4qOiwIE_o0,HOW MUCH MONEY DO YOUTUBERS MAKE?,2016-08-14T20:20:03Z,PT3M25S,3148815,152066,5476
yozl6enFC-w,THE WORST SONG ON YOUTUBE *CRINGE*,2016-08-08T20:00:02Z,PT4M8S,846393,42182,6664
LP_mGU3CgXk,SURPRISING MY BROTHER WITH A LAPTOP,2016-08-07T19:35:12Z,PT2M56S,1925894,127771,4555
DoIQMkoYSzw,"SELLING ORGANS FOR $1,000,000",2016-08-02T20:02:21Z,PT5M35S,3621019,120927,7340
e-If_d_bzfI,POKEMON GO STEREOTYPES,2016-07-14T17:36:53Z,PT3M27S,2288996,64278,2583
5J6-5g2alp8,"100,000 SUBSCRIBERS.EXE",2016-07-08T20:00:00Z,PT4M26S,1526164,81846,7579
qjGNBluF6_I,WORST REVIEWS ON AMAZON #2 HOW IS THIS LEGAL?,2016-07-02T20:30:01Z,PT4M50S,1203185,45999,5041
TLoDwqQF5ug,BLOWING UP MY TABLET,2016-07-01T20:30:01Z,PT2M32S,182596,7605,1263
uAFGIQPWL54,Worst Reviews On Amazon #1 (Minecraft Edition),2016-06-26T21:24:27Z,PT2M7S,720091,17291,1395
SaDDjW9Rw-M,WORST THUMBNAILS ON YOUTUBE #3,2016-06-21T20:01:20Z,PT3M4S,925875,35121,1718
CHdy9wND1jo,REACTING TO MY OLD MINECRAFT VIDEOS (HORRIBLE),2016-06-19T20:36:36Z,PT8M43S,1349663,35715,2738
9LiS_3HEErU,HOW TO MAKE A GOOD INTRO FOR YOUTUBE,2016-06-14T20:51:19Z,PT3M4S,189839,6132,1356
hRj5qNfkdO0,WORST BANNERS ON YOUTUBE #1,2016-06-13T21:13:33Z,PT3M36S,680460,18931,3591
ocruJKe2tFk,"50,000 Subscribers.exe",2016-06-11T21:01:16Z,PT3M35S,581526,22818,3429
MgRMNzKknto,Dude Perfect 4.0 - We Are Totally Better,2016-06-06T21:01:41Z,PT3M33S,436759,13055,1757
XW1TsAVdXsw,BEST INTROS ON YOUTUBE #1,2016-06-01T20:42:11Z,PT3M5S,28528711,814313,27388
Qhdj_Umh1IE,Motivation For Youtubers #6 LAST ONE,2016-05-24T15:00:01Z,PT2M59S,164532,6474,510
fN_RQFqaGHI,How Many Licks Does It Take To Get To The Center Of A Tootsie Pop?,2016-05-19T21:00:01Z,PT12M37S,393798,12267,2496
hC3xW8xeCDs,Motivation For Youtubers #5,2016-05-15T21:00:01Z,PT2M28S,207334,8998,552
xGJEPTCw9GU,18th Birthday QNA - Mom's Hair Dryer Age?,2016-05-07T21:00:00Z,PT3M52S,401538,15661,841
FmjsePPBbdU,WORST MEMES AND TRENDS ON YOUTUBE!,2016-05-01T21:00:00Z,PT3M51S,647582,13030,1339
lMLEcUXz6T8,Cereal Commentary,2016-04-28T00:36:58Z,PT5M39S,176711,5667,616
BKJy7BFP3Is,WHERE IS MY COOKIE?????,2016-04-24T21:31:29Z,PT2M42S,127545,12474,1200
1gfgZhW3YgU,"How Much Money Do Big Youtubers Make? (Pewdiepie, Markiplier, etc)",2016-04-22T21:02:56Z,PT3M48S,123651,4787,434
VXmKt_1T0QM,Struggles Of Being A Youtuber,2016-04-19T21:30:01Z,PT3M14S,151862,5602,1135
6XCUHLhdnEY,Reenacting Youtubers,2016-04-16T21:32:25Z,PT3M41S,190887,7166,549
ttWTSskmxTA,Life Before And After Gamma (Insane) @GFuelEnergy,2016-04-13T23:08:34Z,PT2M41S,60465,2358,643
5bCyFf8lSfk,Worst Thumbnails On Youtube #2 - Cringe,2016-04-10T22:00:00Z,PT2M13S,292956,10257,546
ngVEpJs5A5s,Motivation For Small Youtubers #4 - Inspiration For Youtubers,2016-04-08T00:11:29Z,PT3M10S,156742,7365,626
zjC48c3ptt0,Scheduled Uploaded 6 Months Ago (REACTION),2016-04-06T21:02:02Z,PT5M22S,146721,5224,469
rS2sntC-lJI,Dude Perfect 3.0 - We Are Better,2016-04-04T21:30:00Z,PT3M13S,733985,21500,1834
fG1N5kzeAhM,Dear Future Me (Scheduled Uploaded 6 Months Ago),2016-04-04T19:30:01Z,PT2M25S,2475048,137304,12666
vT_gRRMjDi0,$100 GIVEAWAY PRANK (NO WEAPONS INVOLVED),2016-04-03T21:00:00Z,PT4M51S,71022,1877,237
dfcPUqiivDY,GIVING AWAY $100 ITUNES GIFT CARDS,2016-04-01T20:45:18Z,PT2M10S,161860,4657,463
zCR6DJX7Kak,Walking Dead Daryl DIED (Fan Reaction To Death),2016-03-28T02:10:15Z,PT43S,181768,5099,528
4cX-w-ia0RU,Why Do Youtubers Ask For Likes?,2016-03-27T21:50:19Z,PT3M21S,180217,12061,666
2nVjy-zd65Q,Making My Background More Epic,2016-03-26T21:00:00Z,PT3M28S,60505,2528,325
xlzpD4GeBW0,Doing Youtube For Fun Or Views?,2016-03-23T23:51:29Z,PT3M45S,60474,2585,280
8ZTy3K2QgOY,Pranks That Went Horribly Wrong,2016-03-19T21:00:00Z,PT4M34S,2169371,90291,2937
k9zko79_3_I,Who Founded Faze? Who Created Faze Clan?,2016-03-18T00:23:07Z,PT5M25S,2060389,72993,3751
fYnPyLfxSJg,Subscriber Goals For 2017,2016-03-09T23:35:32Z,PT3M54S,85362,2924,1323
pBH_QL4JGcI,"20,000",2016-03-08T00:35:01Z,PT4M16S,211924,6310,817
1wtFD9zSQO8,The Dreaded Unanswerable Question,2016-02-29T23:56:41Z,PT4M30S,204215,5168,357
VqhjiwmGNKA,WORST THUMBNAILS ON YOUTUBE,2016-02-28T20:48:25Z,PT2M36S,627145,24723,1136
EhZ9gHZOZT8,Beast Goes Camping (Didn't Go Wrong) (Didn't Go Sexual),2016-02-20T23:07:55Z,PT4M45S,218515,5324,361
LHtkve6-O0g,NBA Interviews Gone Wrong (No Gun Pulled),2016-02-20T14:56:51Z,PT2M34S,71276,2030,155
m3Ol8zn7brk,Movie Trailers Be Like,2016-02-15T18:31:34Z,PT1M42S,118304,4598,269
qBiZA4QDsj0,What Is Youtube Red? Should I Buy Youtube Red?,2016-02-10T23:42:47Z,PT4M39S,112876,3897,335
NeOrh4GnPZ4,Things I Hate #2 - Youtube Edition,2016-02-09T01:26:28Z,PT4M21S,178741,7716,1413
fWhfOAuOqjY,Super Bowl Commercial 2016 Cost - How Much Does A Commercial Cost In 2016 Super Bowl?,2016-02-07T18:20:40Z,PT2M57S,100202,2572,320
9Ax56oRhcZc,Counting To 10000 In One Sitting,2016-02-01T00:27:55Z,PT3H29M41S,68414610,712685,57104
-cWVrFABWHw,HOW TO MAKE A VIRAL PRANK VIDEO 100% LEGIT,2016-01-26T21:38:09Z,PT2M26S,176610,6079,426
z7qtJAAV5d0,Is Obama Dead? Dumb Google Searches!,2016-01-24T00:21:47Z,PT5M24S,231561,4713,283
9pk-neTrDoM,How To Be MrBeast (Made By Really Old Subscriber),2016-01-23T19:46:56Z,PT5M21S,73085,2920,281
JQscW6DfNZY,Should You Play Video Games?,2016-01-22T17:04:58Z,PT2M59S,101870,4319,191
9smE_EiKJ8Q,School Is A Waste Of Time,2016-01-21T22:45:37Z,PT2M54S,136880,5849,735
hfaPkoXeYfU,Is Michael Bay My Dad????????,2016-01-18T21:46:21Z,PT1M42S,80041,2429,246
u0hHxeWkB_o,Lottery Taxes - How Much Tax Is If You Win The Lottery,2016-01-16T19:25:35Z,PT3M40S,137848,3663,250
64WGWubQO3I,Motivation For Small Youtubers #3,2016-01-12T00:57:36Z,PT3M31S,186282,9490,1184
QJUs6CSRCFU,Giving Away Two $15 Gift Cards (forgive me boyz),2016-01-10T23:32:03Z,PT3M11S,60460,3166,561
Om4c4ilT_6g,Do Dislikes Matter On Youtube - Are Dislikes Bad Or Good?,2016-01-07T22:19:01Z,PT4M24S,385013,23753,2024
GbOfxRfHdeg,How To Get Active Subscribers On Youtube? Tips 2016,2016-01-05T22:05:42Z,PT5M45S,98054,4537,715
yzxYCRDcGDs,Reaction Channels Are Stupid??????? #JCTG,2016-01-05T01:49:06Z,PT3M14S,77899,2209,420
PCakYf_PnT0,Goodbye Laptop,2016-01-01T23:49:09Z,PT2M16S,171631,7008,616
8nv_ltg4RAg,2015 Year Highlights,2015-12-30T20:18:43Z,PT4M3S,77949,2644,545
VvphlSvCyj8,MrBeast Rest In Pepperoni 6000,2015-12-27T20:15:59Z,PT3M4S,227168,5922,456
JP3v6UxI124,How To Think Of Good Video Ideas (Tips),2015-12-26T17:38:52Z,PT6M13S,133311,8225,551
jRURlbRAUhI,Whats That Song Name?,2015-12-24T17:01:11Z,PT1M52S,198491,7570,1443
I_3R9YGFlHE,The Anti-Beast,2015-12-23T23:51:22Z,PT2M39S,973827,30529,1773
xjJJ_wDlc1E,"Reacting To Family Accounts (MamaBeast, MrBeast'sLaptop, Etc)",2015-12-22T22:30:23Z,PT9M24S,947964,20512,1963
cqirhwhq_qM,Do Youtubers Pay Taxes????? (USA),2015-12-19T19:21:52Z,PT6M31S,115585,4537,414
3IQdDBwc42o,Why Does This Video Have No Thumbnail?,2015-12-15T01:43:00Z,PT3M1S,105371,4194,439
4YHnf3YepwU,Totally 100% Real Epic Ping Pong Trickshots,2015-12-11T22:00:01Z,PT1M21S,103756,4480,299
uxzBq4Y_fNw,Exams Be Like,2015-12-10T00:15:18Z,PT3M54S,525539,15005,1121
HIhUkvAG0o4,How Many People Have A Silver Play Button????,2015-12-08T22:22:47Z,PT3M33S,499683,13423,791
cpI5lCaqZcQ,How To Get More Views And Subscribers On Youtube (2016),2015-12-03T21:00:00Z,PT3M12S,78917,3500,331
6zQhLOw1nw8,Should You Do COD Commentaries In 2016????,2015-12-02T23:51:26Z,PT3M47S,61184,1462,280
mfvi_jgdVqE,THINGS I HATE #1,2015-12-02T01:20:16Z,PT3M40S,499321,16062,1670
zExxMxcoJ6A,Worst MrBeast6000 Intros?? (Fan Made!),2015-11-30T21:38:00Z,PT2M13S,496951,13404,1608
hD_Af6W2qug,Dear Razer Can I Have My 70$ Back?????,2015-11-29T21:10:16Z,PT2M59S,7612338,349055,24507
XOtTKQujlkI,"How Many People Get The Golden Play Button? (1,000,000 Subscribers)",2015-11-28T00:45:38Z,PT3M,162924,3959,568
dRqthQ2Mc_0,"Spam404 Has Terminated 5,000,000 Videos (Including Pewdiepie)",2015-11-26T17:36:51Z,PT2M23S,116904,2743,283
8TFq_vvO_Wg,MrBeast6000's First Video (So Bad lol),2015-11-19T21:29:40Z,PT3M7S,14180072,534554,34832
oo8ve4Ldpck,The Evolution Of My Youtube Banners,2015-11-18T21:16:57Z,PT59S,77943,2505,391
sKn8Tbp2a-4,"Shark Tank Most Successful Products, Entrepreneurs, Or Businesses 2015",2015-11-08T19:33:42Z,PT4M54S,149694,1375,186
g0IrVKXIbmE,PSYCHO FRIEND SMASHES MY LAPTOP! (Mc Juggernuggets Parody),2015-11-06T00:07:37Z,PT1M32S,323462,11808,894
2Om2M4_Kyd0,FREE TO USE BO3 GAMEPLAY - 1080p,2015-11-03T01:58:07Z,PT2M45S,60441,1906,201
KaaEivIqX6M,Double Agent (Short Film),2015-11-01T14:33:38Z,PT7M50S,176570,6306,477
W4gBpws7Ug8,YOU ONLY DO YOUTUBE FOR VIEWS,2015-10-29T21:12:15Z,PT5M34S,86554,3570,270
NT3EkjxO8hs,"10,000 QNA With MUM",2015-10-29T00:21:29Z,PT3M55S,345992,14572,1836
syMozMiJneM,Why I Stopped Playing Video Games - Video Game Commentary,2015-10-25T21:20:24Z,PT4M44S,67900,1749,213
Wt6cMjn3YLg,YOUTUBE RED STEALS CONTENT CREATORS MONEY? What Is Youtube Red?,2015-10-21T23:13:36Z,PT5M26S,61587,2404,203
OEuS7fjMlMc,Millions Of Views!,2015-10-18T23:15:40Z,PT3M47S,1057414,33598,2194
1Pr-R2nKTY4,"How To Get 1,000 Subscribers On Youtube - Vlogs Gaming",2015-10-15T20:12:22Z,PT2M59S,99170,4420,507
QqdUhn99E-s,High School Education Be Like (Paying Taxes),2015-10-14T21:10:31Z,PT2M46S,64174,2094,224
1UygJmcHUdQ,I Got Bored Of Studying So This Happened,2015-10-13T01:15:19Z,PT2M9S,786007,22379,1036
g4DAFnZcCcQ,Best Microphone For Youtube (Gaming Commentaries Vocals Singing Podcast),2015-10-11T18:56:01Z,PT3M37S,60932,2072,351
LTr8cXAxy1I,9k Subs - Channel Talk,2015-10-10T17:20:05Z,PT4M35S,125697,4172,878
Ow3xqv7ahXo,How Much Money Does Bill Gates Make / Have - Billionaire,2015-10-09T22:27:01Z,PT4M4S,150117,4246,356
TRiF8PdrIP8,MrBeast6000's Channel Trailer,2015-10-08T20:00:00Z,PT1M55S,1651669,126106,12302
NFZ_MtTvwm0,Best Non-Copyrighted Songs For Videos! (Intros Vlogs Gaming Trailers) 2016,2015-10-05T22:41:22Z,PT2M59S,91731,2677,275
Pgxi8dsUW-o,Is Being A Youtuber Hard? Is Being A Youtuber Worth It?,2015-10-04T20:35:42Z,PT5M21S,121460,4784,690
YY2-jJojnOA,Best Green Screen Lighting Ever? (Joking Obviously),2015-10-03T21:06:46Z,PT3M24S,640115,14767,753
7Pogam71094,How Do Youtubers Make Money? How Do Youtubers Get Paid?,2015-09-29T23:16:50Z,PT6M6S,136248,4069,499
DL0OPJ2hahc,Increase Youtube Views 2015! COMMUNITY CHANNELS - Boosting Youtube Views,2015-09-27T21:04:03Z,PT3M52S,61550,1877,304
WwE0tR08OTU,Originality - A Youtube Poem By MrBeast6000,2015-09-26T23:04:34Z,PT1M48S,61702,2244,310
2LIJtcI4dbg,Stupid Things People Search On Google,2015-09-25T22:57:49Z,PT5M17S,1378785,72309,4005
rXnaD7PU9kY,"Ad Blocker For Chrome and Mobile, Should You Use It?",2015-09-23T23:54:06Z,PT5M15S,91071,3270,506
Ng_qwlvhrJo,PC Master Race Vs Console Peasants,2015-09-21T23:40:01Z,PT1M59S,62113,2411,266
bzIPun3cVsw,Shia Labeouf Motivates Youtubers!,2015-09-19T22:53:26Z,PT1M28S,424240,11413,609
miKQkeq5sbU,Knives In Video Games Cost More Than Real Life????,2015-09-18T23:57:02Z,PT3M43S,69133,2212,272
Lwt_VThQIdM,"Why I Sold My PS4, Not A Gaming Channel???",2015-09-18T00:21:53Z,PT4M6S,60713,2292,298
P2oPACr4uuU,Selling PS4 For $250 + Elgato For $100!,2015-09-16T22:26:34Z,PT2M38S,60725,1769,303
h-D6ukDcS9o,Do Tags Do Anything On Youtube?????,2015-09-13T20:48:10Z,PT3M37S,168999,6132,622
mY77HA20MzA,Bronze And Platinum Play Buttons?????,2015-09-13T00:23:55Z,PT4M23S,1371046,32103,2570
4krBgDFycgY,7k SUBS! Smashing Ghost + AW! Plus Channel Talk!,2015-09-09T21:48:18Z,PT4M58S,93550,3221,371
dpUxRIqbNlc,Exility vs Dr.Pineapplez - Misleading Contest!,2015-09-08T22:06:36Z,PT4M18S,60461,4585,863
Cp431S5z8PE,6 Uses For Your Advanced Warfare Disk!,2015-09-07T20:40:56Z,PT1M5S,60468,2172,394
ttLYXcza4j4,MrBeast‚Äôs Outro Song,2015-09-05T20:15:02Z,PT2M11S,8713711,388054,18251
3-f9DEFsh4w,Watching Video Games Is A Waste Of Time????,2015-09-05T16:14:19Z,PT4M3S,60748,2000,399
vuOTP206zWM,"Pewdiepie's Shoutout, What Would You Do If You Won?",2015-09-05T00:49:25Z,PT4M38S,60517,2145,329
J590MYm0SY8,How I Will Survive The Zombie Apocalypse!,2015-08-31T22:11:06Z,PT6M1S,240712,6822,730
vGB2d5cQJpY,How Much Money Do Youtubers Make? Real Numbers!,2015-08-30T21:37:55Z,PT3M14S,438536,12083,709
M94G0iKYiSM,HONEST Shout Out Sunday! Free Subscribers!,2015-08-30T18:06:45Z,PT3M30S,60440,1857,512
pGYyUssWLTA,Social Media As A Job????,2015-08-29T18:20:31Z,PT3M9S,60442,2222,492
j7kM8G_AjuY,Airplane Pilots Last Words Before Death,2015-08-28T21:56:21Z,PT2M29S,154864,2798,221
deK-My3Of0o,How Much Do T.V. Commercials Cost?????,2015-08-28T01:40:10Z,PT3M29S,60564,1639,259
oB8kFFvJdhE,How To Tweet When You're Dead! DEADSOCIAL Facebook And Instagram Also!,2015-08-27T10:00:01Z,PT4M29S,60582,1975,394
X9eXa-Uzuj0,My Favorite FaZe Clan Members?????,2015-08-26T10:00:00Z,PT3M54S,62595,1821,221
GxTVDClFXuc,MrBeast6000Subs,2015-08-23T11:00:00Z,PT5M20S,915795,56257,4664
kGaq-Qi9hoE,"Youtube Networking - Aka Fake Likes, Subs, And Comments",2015-08-21T20:04:55Z,PT4M28S,76110,3215,818
9zFfp3gzZ88,I Hate Youtubers That Ask For Likes,2015-08-20T19:13:03Z,PT4M16S,222953,11246,721
mM2KwBYa-u4,My Mom Found My Channel!! :0,2015-08-20T01:44:22Z,PT4M29S,789683,26200,2484
WAcmsAISniQ,1080p FREE TO USE BLACK OPS 3 GAMEPLAY,2015-08-19T21:35:16Z,PT2M23S,87008,1928,180
kqUT-s3a6tU,"Black Ops 3 First Impressions, My First Game",2015-08-19T02:44:52Z,PT3M41S,60492,1738,395
NUVglXbGBfs,Dogs Opinions On Youtubers Getting BO3 Early,2015-08-18T20:55:37Z,PT1M16S,107515,3140,182
T-v4b3WtPAg,BO3,2015-08-18T17:07:49Z,PT3M41S,1447746,36339,2394
m8qGlpcfAIw,Xbox One Destroyer? COD Advertisement Is Free,2015-08-18T01:08:14Z,PT4M8S,61065,1736,300
uZPkMnv8b-o,Modern Art Is A Joke,2015-08-15T10:00:01Z,PT2M56S,69328,1999,158
qVLr6SMxvJw,5 Steps To Becoming Successful On Youtube!,2015-08-14T10:00:03Z,PT3M13S,92170,3661,398
4AigP5OY8JE,Time,2015-08-13T10:00:00Z,PT2M2S,98662,2263,282
RMoFUeBVefA,Beast $500ish Youtube PC Great For Making Videos!,2015-08-12T10:00:00Z,PT4M4S,89442,1619,188
ep7S1XnuQLU,"5,000 Hype",2015-08-11T10:00:00Z,PT3M5S,165901,3568,562
p6bzNpgbX8Y,What Is Crohns Disease?????,2015-08-10T10:00:01Z,PT4M21S,302370,7399,589
6T17licWsQ4,Leaving For 7 Days,2015-08-09T14:26:58Z,PT7M11S,62048,1517,302
1s6UOlWdpw4,Motivation For Youtube - Ultimate Small Youtuber Motivation #2,2015-08-08T22:15:43Z,PT3M29S,205910,7603,728
3LuchpUc7PU,Should I Buy An Elgato Game Capture??,2015-08-07T10:00:00Z,PT2M57S,60440,2133,530
_f6xCA0-gAo,Fanboy Opinions On Black Ops 3,2015-08-06T00:58:47Z,PT3M56S,60455,1446,310
lfD7kMZKuNg,Big Channel's Starting Over???,2015-08-05T10:00:02Z,PT3M19S,60460,1620,286
ejlkNGm82w4,SAT And Some Random Stuff,2015-08-04T22:14:13Z,PT3M26S,60441,1767,665
Jtj9rUqlB1Y,How Many Youtubers Are Millionaires???,2015-08-04T00:18:58Z,PT2M49S,127513,2032,264
ZqzFRGH_tMQ,Always Changing My Name? Mr.Beast or MrBeast6000,2015-08-03T10:00:03Z,PT2M41S,190868,4506,523
94A-bsumX9A,How Much Youtube Money Do I Make???,2015-08-03T02:19:22Z,PT2M28S,445527,10424,668
gYaxI_allkQ,Am I Ian From Smosh????,2015-08-02T19:09:03Z,PT2M18S,1151296,14149,651
AjXbO2XfBkE,How Do You Turn Off A PS4? Xbox Noob In Need Of Help,2015-08-01T21:51:25Z,PT1M12S,103966,2138,302
ZQZzR0DUujc,"New Optic Gaming Gear Coming To Advanced Warfare, My Thoughts",2015-08-01T16:47:55Z,PT2M31S,60534,1864,423
-V3-fhJQZkk,Youtube Collabs? Collabbing with Mr.Beast?,2015-08-01T10:00:01Z,PT3M33S,117228,2268,220
QX0wvWGW2qg,Sacrifices And Youtube,2015-07-31T18:03:32Z,PT3M39S,60476,2761,504
oODUkNQAzXU,5$ To Advertise Your Youtube Channel???,2015-07-31T00:13:08Z,PT2M1S,178194,3159,272
2jWZtKTN6jU,Reuploading Other Youtubers Videos? Stealing Big Youtubers Videos.,2015-07-30T18:23:18Z,PT4M14S,60634,1572,248
zsADECFHY8w,4k Subscriber's! First Channel Story!,2015-07-30T01:56:38Z,PT5M14S,115447,3260,438
Feh8o-HmthM,People Who Got Rich From Movie Trailers On Youtube,2015-07-29T19:00:00Z,PT3M26S,105688,1691,228
6Xv-LVYZQxk,Beast Gaming Set Up #almost4k,2015-07-29T15:31:24Z,PT2M31S,93084,2536,409
8-0ZHJHp9g4,Advanced Warfare DLC 4 Honest Parody,2015-07-29T00:37:21Z,PT2M37S,60768,1679,402
QqIG0R-KpGk,World's Worst Thieves,2015-07-28T17:17:48Z,PT3M29S,101085,2218,183
qENpZBzgaUM,VANOSSGAMING IS IN TROUBLE,2015-07-27T22:13:05Z,PT2M53S,259852,4030,557
4DYBVA4884Y,SpiderMan Robs Walmart?????,2015-07-26T19:21:24Z,PT3M7S,60437,1677,252
skEf9R0TXkM,My Upload For ThunderstruckGaming,2015-07-25T22:35:54Z,PT3M40S,60466,1502,251
CnMv_zTXZ38,Best FNAF 4 Fake Reactions! So Funny lol,2015-07-25T16:38:00Z,PT2M27S,94873,2794,369
bEIK5ni_Pzs,How Many People Get The Diamond Play Button?????,2015-07-25T10:00:03Z,PT3M56S,1819931,18543,2744
_oZyp4mTzSQ,Supply Drops For Charity! Ep #2,2015-07-24T10:00:00Z,PT5M2S,60452,2270,974
is1LSWbssuA,Best Thing To Happen To This Channel?????,2015-07-23T10:00:00Z,PT1M28S,60475,1899,304
XR_q9_LEKuc,Supply Drop Challenge For Charity,2015-07-22T17:59:43Z,PT4M55S,60449,2356,561
X9UiBpDHW3w,FaZe Clan Vs Pewdiepie Who Would Win?????,2015-07-21T18:51:04Z,PT2M51S,72435,1278,166
PRU47AuQF2M,"FaZe Adapt ""Stuttertage""",2015-07-20T17:49:03Z,PT4M44S,124771,3347,391
Y3Rxgf5_R_I,The COD Community? Sleeping With Your Mom?,2015-07-19T17:37:51Z,PT3M3S,60442,1917,472
R6zuvKbvKyU,Exility And Some Other Stuff - Update Vid,2015-07-18T18:02:27Z,PT4M45S,60452,11465,3291
yCKe65Nvp0Q,Every Minecraft Let's Play Ever In Under A Minute,2015-07-16T22:00:01Z,PT1M,126780,3812,288
XBe57FyB2xU,Why I deleted Today's First Upload,2015-07-16T17:03:16Z,PT1M55S,65964,1576,198
zpCwHwWgbsI,What Is Spam404?????,2015-07-15T15:05:18Z,PT5M11S,60437,1442,332
lh61MVUxJt0,The History Of Pewdiepie In 2 Minutes,2015-07-14T10:00:01Z,PT2M6S,266014,7352,561
yWnmEPgLroQ,TWITCH STREAMERS REACT TO RECEIVING THOUSANDS FROM SAME GUY!,2015-07-13T10:00:01Z,PT7M32S,223811,2269,265
eBklqeeIu10,I Hate Spam On Youtube,2015-07-12T19:08:52Z,PT3M9S,60449,1995,590
SgMydsOucFg,INSANE TRIPLE LEGENDARY SUPPLY DROP! BEST OPENING YET?,2015-07-11T20:08:50Z,PT3M29S,61033,,330
jPm3hRiMKuU,Low Bridge Causes Dozen's Of Wrecks! 11-8 Bridge,2015-07-10T21:56:20Z,PT3M43S,60448,2252,525
OweuuinkVZI,3k HYPE,2015-07-10T18:05:46Z,PT3M23S,163352,4711,670
7Pr0HP-Trgk,How To Become A Gaming Youtuber! All You Need To Know!,2015-07-08T22:00:01Z,PT7M2S,60461,2122,462
UEK0fYAqMss,My Solution For The Theft At The FaZe House - @FaZe_Rain @FaZeAdapt,2015-07-08T10:00:00Z,PT3M7S,60622,1323,235
lRznKN2oPUc,5 Popular Channels That Were Terminated,2015-07-07T22:00:00Z,PT5M,139151,4537,1001
IDrS_TrjuK4,What Is Youtube Terms Of Service?????,2015-07-07T10:00:00Z,PT4M9S,62042,1427,255
J1lhxfZtR3M,Do You Think You Will Be Famous?????,2015-07-06T22:00:01Z,PT3M44S,156501,3308,629
b_o8cz0ZNdk,What Is Swatting? Why I hate It!,2015-07-05T18:08:37Z,PT4M19S,101866,2451,245
i5dhcAxO25Q,Reddit Is In Chaos After Firing Victoria,2015-07-03T20:11:21Z,PT1M46S,65061,1186,174
-o_8CDbFMJ0,Paid Promotion On Youtube Good?,2015-07-03T19:26:09Z,PT7M19S,63389,1251,169
v5J1Cycn3s8,How To Gain Youtube Success,2015-07-02T17:10:49Z,PT2M42S,96720,3291,333
YJiqYG-Mylk,FaZe Members Reaction's To Joining Faze,2015-07-01T19:56:45Z,PT3M11S,621129,13802,690
jGE1sUTeR5g,Battle of The Beasts Round 2 Winners!,2015-07-01T04:02:27Z,PT14M7S,60566,1507,328
0tZCQ25fsoI,Youtube In 10 Years?????,2015-06-30T16:31:29Z,PT3M6S,1533902,109256,11258
N9jTogPwqVY,The Ultimate Motivation For Small Youtubers,2015-06-29T17:27:21Z,PT2M44S,317487,16417,1977
yyJ7xEcENNI,How Much Does Pewdiepie Make?,2015-06-28T22:41:05Z,PT3M53S,268004,3312,226
3rJgCGMPEqA,Random Stuff You Don't Care About,2015-06-27T23:32:54Z,PT2M22S,60447,2204,439
7isfkomGg7o,Battle Of The Beast Round 1 Winners!,2015-06-23T19:49:57Z,PT9M13S,60457,1581,247
UCYefSGBP00,The Truth About Big Community Channels,2015-06-22T16:32:02Z,PT4M33S,60432,2130,832
dvdGkRK5a_0,WORLD'S FIRST BLACK OPS 3 GUN SYNC!!,2015-06-22T01:19:49Z,PT1M21S,74092,1710,159
X7doE4h6W64,Insane Gun Sync - 7 Hours To Make,2015-06-21T12:22:34Z,PT2M14S,60453,2265,549
GhppzOzN3MM,Battle of The Beasts Bracket!!!! (Not accepting anymore),2015-06-20T03:32:30Z,PT1M38S,60446,1581,331
QkXDatNdL4U,Free To Use Advanced Warfare Gameplay! 2015,2015-06-19T14:07:22Z,PT2M5S,60438,1689,359
hyt2t4r8lQ4,Battle Of The Beast Tournament UPDATE!,2015-06-18T23:25:47Z,PT2M32S,60433,1960,669
-mlok5iT3GE,My Top 5 Favorite Things At E3 2015,2015-06-18T17:18:38Z,PT2M30S,60449,1830,440
STvOHHgJ1sQ,Battle Of The Beasts (youtubers needed),2015-06-17T20:58:19Z,PT3M3S,60442,1526,348
2-ErX5oDzwM,History Of COD Part 2! Black Ops 1 - History Of COD On Youtube!,2015-06-13T21:34:28Z,PT10M49S,60563,1330,174
7ytYV-tVIvg,How Did Notch Become A Billionaire? How Much Did Minecraft Sell For?????,2015-06-12T17:47:14Z,PT3M36S,121208,2786,220
ELIoOUKSOJQ,Top 10 Richest Gaming Youtubers?????,2015-06-11T16:42:11Z,PT4M5S,274003,7909,520
uAoayezOaug,Markiplier Is A Great Man! Sub shodleech!,2015-06-09T02:56:28Z,PT2M3S,227888,2314,158
Vr2337tCLCI,Insane Advanced Warfare Hacker!,2015-06-07T22:58:31Z,PT2M14S,60453,1877,345
NV7qmqbS8tM,"What Is Considered A ""Bad Video"" On Youtube????? #karnageRC",2015-06-07T21:38:42Z,PT4M12S,79188,1551,168
U9c-ycvw02A,I Think I Am Going For The #KarnageRC,2015-06-05T15:21:50Z,PT3M52S,60492,1949,513
GfgcVOuHLAo,Every FaZe Video Ever #karnageRC,2015-06-04T19:09:17Z,PT3M17S,60454,1825,247
zi7tZ-2PhLk,How Much Money Do You Make As An Uber Driver??????,2015-05-31T18:31:25Z,PT5M4S,60610,1372,195
TacjQmKCiZg,How Much Does Faze Rain's Giveaway Cost??????,2015-05-30T21:27:08Z,PT1M13S,60473,1619,379
AIytwdufwW8,MY MESSAGE TO COD YOUTUBERS (Watch till end plz),2015-05-29T20:07:48Z,PT4M52S,61289,1468,249
KLAI0c0Spog,Best Of FlipArtz - His Best Advanced Supply Drops EVER!,2015-05-29T17:06:25Z,PT10M40S,128757,1458,116
UVin8WtE5eU,Summer Is Finally Here!,2015-05-28T21:46:37Z,PT2M26S,65106,1266,254
wNuxirsrwBk,Why Are Things Unbalanced In Video Games?????,2015-05-28T20:36:06Z,PT3M30S,98657,1410,174
6bxZpS0cm5o,New Channel?,2015-05-23T22:59:21Z,PT4M51S,172627,4307,410
ajJbMGq9AS4,"Youtube ""Freinds""",2015-05-23T01:28:10Z,PT4M39S,105153,1637,204
UXw9jqgJNNc,"Youtube Stat News - Vevo Gets 10 Bil. Views A Month, Channel Milestones, and more!",2015-05-21T00:31:22Z,PT5M28S,60456,2421,792
E3CqKvlzl-I,Big Changes??? Idk just watch the stupid video,2015-05-18T21:29:43Z,PT6M34S,60473,1810,385
zfDr05ax0gM,How Much Money Does DramaAlert Make????,2015-05-15T23:53:16Z,PT1M32S,60469,1891,342
56OkH6ocYZU,L0114R - Biblical Creeper Post for Post @L0114R,2015-05-15T16:48:54Z,PT1M28S,60912,1268,246
w40Z8aT5fpQ,Why Do We Do Things That Are Bad For Us?????,2015-05-14T23:52:57Z,PT3M24S,60499,1858,264
zgDezsMQyyU,How To Monetize Your Videos And Make Lots Of Youtube Money!!$$$,2015-05-10T20:59:50Z,PT10M23S,60818,1692,326
UEwnitHoSDw,DIY $23.00 Mini Sound Booth? Does It Work?,2015-05-09T19:47:51Z,PT3M49S,155796,2800,193
__SaaKSW9iE,Cut Coms vs Uncut Coms,2015-05-09T06:53:13Z,PT2M39S,60509,1553,313
qWnyJ55KBKo,Minimum Wage,2015-05-07T23:27:32Z,PT1M59S,79110,1705,173
52awie9G00A,My New Channel Trailer ;),2015-05-07T01:27:48Z,PT1M17S,67008,1756,213
bB99NdUoxEQ,Why I Changed My Channel Name,2015-05-03T23:59:54Z,PT3M16S,150484,3723,345
7GjSaNi8Epg,How Overpriced Is Movie Popcorn?????,2015-05-03T18:39:15Z,PT2M40S,60496,1594,309
h5uE4ERMiTk,Screw Warface,2015-05-02T21:41:18Z,PT3M37S,60470,1571,255
umRLkCrmwcs,My Problems,2015-05-01T02:23:50Z,PT4M7S,77599,2058,237
rHoLyltYDtQ,Ma Channel,2015-04-29T23:50:00Z,PT2M48S,60695,1679,298
yeHjsYQ076A,Remember When COD Was Fun?,2015-04-26T21:26:36Z,PT3M36S,60470,1782,333
pqrdPu2ESFo,My Baby Got a Virus :(,2015-04-25T22:34:19Z,PT2M55S,82795,1723,230
ywZy_Fo2ydo,Modern Art Is A Joke,2015-04-25T15:02:30Z,PT2M49S,60688,1572,233
qr4v9pdfVlU,Cheat Channels,2015-04-24T01:53:38Z,PT3M34S,60521,1727,369
hgiPX33AHas,Time,2015-04-22T21:33:54Z,PT1M54S,93039,1830,162
oZ-Mn5p1xMw,"2,000 Subscribers",2015-04-18T18:45:34Z,PT2M25S,423067,22384,3874
5UPa_hu5opg,Youtube,2015-04-14T22:39:24Z,PT4M37S,103625,2381,225
zv_oq5UNDAo,"How To SAT, Get Into Yale",2015-04-13T11:08:02Z,PT4M5S,61585,1367,188
NiqkH7qVW0U,100k Subs With No Videos????,2015-04-11T16:51:40Z,PT4M17S,491316,9622,2806
boBokLXe5o8,Is Jacksepticeye A Millionaire?????? 2016,2015-04-09T23:07:38Z,PT3M10S,232581,3638,668
7YOzgk-U4EU,How Rich Is Buzz Feed???,2015-04-07T11:16:50Z,PT3M25S,74992,1191,201
prdSftLj9-g,How To Do A High School or College Paper!,2015-04-06T11:42:14Z,PT3M56S,104806,1928,196
pzlPJmNyepA,What is Crohn's Disease?????,2015-04-04T20:31:25Z,PT7M3S,541956,18383,1207
QNoqAnJOSqU,What Happens If You Get A Copy Right Strike??,2015-04-03T19:45:11Z,PT3M52S,183823,4555,542
kzIA4vKyhRQ,5 Steps To Becoming Successful On Youtube,2015-04-02T23:10:02Z,PT3M13S,197476,8661,728
DfonKqMENrg,Making Youtube a Priority,2015-04-01T23:58:35Z,PT3M16S,67320,1779,215
MUQCwdkEbq0,Why I Was Not Uploading,2015-03-21T22:11:51Z,PT1M35S,62777,1342,202
JlUzoQN9FWw,Youtubers Analytic's Explained,2015-03-06T01:07:06Z,PT3M37S,65105,1528,166
0VjLq-go1fg,How Much $$$ Does Every Member of FaZe Make COMBINED????? 2016,2015-03-05T02:07:01Z,PT3M57S,110742,1723,313
uCIpW9zOmgI,Is Pewdiepie The #2 Youtuber?!?!?  :0,2015-03-04T01:53:50Z,PT3M55S,96858,1826,319
Z0Poefgrs4w,How Much Money Does Smosh Make????? 2016,2015-03-03T01:14:27Z,PT2M47S,81943,1422,215
MLN6TRB9Jxw,Who Are The Worst Youtubers?????,2015-03-01T12:00:00Z,PT3M36S,282262,4323,407
vZrL_FFITgs,Subscriber Goals For 2016,2015-02-28T17:12:07Z,PT4M8S,61529,1568,569
L7lGD_anC00,How Many People Do Youtube as a JOB?????,2015-02-26T02:07:13Z,PT2M54S,61582,1526,232
xu1nhAfnMGA,How Much Money Does Syndicate Project Make????? 2016,2015-02-24T20:26:12Z,PT3M23S,93674,1233,251
D1livXdFGkQ,Are Youtubers Millionaires?,2015-02-22T19:45:00Z,PT3M15S,203960,3517,410
bwp_3qLgWpQ,Magecraft - Epic Hit! 11k Troops killed.,2015-02-21T15:41:14Z,PT3M53S,60629,1505,334
tZpnfF0-7Ls,Highest Paid Musicians????,2015-02-17T21:38:06Z,PT4M48S,149041,2238,301
BwAMltY3-c0,Making Fun Of Youtuber's Intros.,2015-02-16T19:45:42Z,PT1M54S,323254,7644,602
7HBR3Ea72CY,10 Things You DIDN'T Know About Youtube!,2015-02-08T00:04:06Z,PT3M1S,76909,1688,171
Ds9H2UnUHL0,Quitting?,2015-02-06T22:27:38Z,PT3M46S,140544,4904,656
iqUFeWAVp-0,How Much Money Does Markiplier Make????? 2016,2015-01-04T20:59:46Z,PT2M34S,150264,2299,234
W2skFWRk6qo,PewDiePie Uploads A Fake Video! LOL,2015-01-01T18:56:04Z,PT2M35S,89282,1622,210
X_qd-1xSTFA,Pewdiepie Was On T.V.,2014-12-07T17:51:08Z,PT2M29S,164314,3543,408
VWa0ImMY2bQ,Five Facts You Didn't Know About Youtube.,2014-12-01T22:00:05Z,PT4M21S,107594,2188,236
fEcASr38n2E,Milestones And Plans For My Channel,2014-11-30T18:21:44Z,PT3M,78212,1803,278
udmf5MQLNGA,How Much Money Did Gangnam Style Earn??? 2016,2014-11-26T22:53:11Z,PT2M24S,110960,2062,241
0dg2eR2NSQ0,Best League Player In The Universe.,2014-11-23T17:37:28Z,PT3M,328464,17096,944
6BNOWeYFyP8,MageCraft - Beginners tutorial. (The app),2014-11-17T02:25:46Z,PT8M47S,61212,1376,207
LDegY-H60_U,How much money does VanossGaming Make? 2016,2014-11-02T16:06:08Z,PT3M20S,360148,4821,284
D51HaR-XvgM,Opening Old Basketball Cards! Ep. #1 (Michael Jordan Found),2014-10-21T02:19:05Z,PT4M27S,206132,4190,318
Rio7r_vLUEo,20 Best Websites?????,2014-08-29T22:45:20Z,PT6M44S,202601,3660,462
8E5Ygl02wtM,"How Much Money Does ""Chris Smooth"" Make?????",2014-08-21T22:46:35Z,PT4M2S,78692,1346,180
moMJjt5KECc,Money Problems,2014-08-20T17:40:18Z,PT4M2S,307290,5347,416
OffgqPzDi7Q,Vanoss vs Speedy! Who is better? Updated.,2014-08-20T01:57:30Z,PT3M45S,60656,1633,355
B_7uD3B62MM,Welcome To My Channel!,2014-08-18T00:01:52Z,PT28S,87400,2050,180
bA20RJcegOI,1500,2014-08-08T18:58:18Z,PT2M23S,329041,9312,1621
NbHwVDt9Rjk,How Much Money Does Yogscast Make????? 2016,2014-07-13T18:37:22Z,PT3M46S,61531,1155,171
VzsE09KjpKA,How Much Does WhiteBoy7thSt Make????? 2016,2014-07-11T21:52:50Z,PT3M27S,336447,2986,219
HduubRTdko4,"How Much Does ""Epic Rap Battles"" Make?????",2014-07-10T23:05:51Z,PT3M20S,60448,1602,236
qFOGv5zuTdw,How Much Money Does FaZe Make?????,2014-07-09T21:15:15Z,PT3M18S,60480,1725,290
u6t4jrhs56Q,"Top Youtube ""ShoutOuts""",2014-07-09T00:07:05Z,PT6M5S,60462,1998,356
460GXJiGCEs,Youtube Dream,2014-07-08T00:17:34Z,PT4M31S,81284,2374,603
ZiuoOcj2eLY,In Dis Video I Play Minecraft. (Factions),2014-07-05T15:57:13Z,PT8M49S,62322,1757,204
LYK6SPMtJ_Y,Youtube Grind,2014-06-28T21:06:46Z,PT3M20S,124639,3013,224
2ljWxaMvE_0,Hacker in Ghost???? I Couldn't Kill Him.,2014-06-22T00:27:19Z,PT36S,60457,1765,402
rSuuQ_s8gOw,How Much Money Does Tmartn Make?????,2014-06-21T18:43:51Z,PT2M37S,60462,1802,371
vKKhX-Uyggw,How Much Money Does FaZe Rain Make?????,2014-06-18T14:00:09Z,PT3M35S,73316,1482,170
EAwXH82m-6A,G2g Brb,2014-06-16T14:00:07Z,PT3M,60445,1876,435
U_07AG_CR5A,Crazy Nub Tub Reactions! Bo2 Fun!,2014-06-13T22:44:22Z,PT3M40S,60464,1809,386
Xe0AGtF5aNU,Fun In COD. - Insane Reactions Lol,2014-06-10T19:01:43Z,PT3M49S,60458,1869,435
NCv0drAPm_M,Minecraft Build-off Fun!!!!!,2014-06-09T12:00:07Z,PT3M33S,78215,2060,214
HuLAAXZXIy0,This Kid Should Quit COD....,2014-06-02T21:37:07Z,PT1M17S,85021,1701,207
pV7UcYW1OwA,Computer vs Console My Perspective.,2014-06-02T18:08:34Z,PT3M26S,114396,2430,344
x4IXCimma-s,5 Youtubers I Think Will Be Famous...,2014-05-31T21:06:55Z,PT4M24S,243292,5884,899
anZbhN0Wh_4,How Much Does PewDiePie Make????? 2016,2014-05-24T19:33:12Z,PT3M26S,438831,6041,436
3Q3pQmzWyZM,I Got Really Really Really Bored....,2014-05-24T16:37:13Z,PT52S,61578,1811,361
BqS4iVHa-LU,How Much Money Does Penguinz0 Make????? 2016,2014-05-16T23:53:55Z,PT2M55S,100524,3232,368
zX04jQFKCpo,How Much Money Does CaptainSparkles Make????? 2016,2014-05-15T20:36:54Z,PT3M3S,817119,7729,575
G7Y9ban7b0U,How Much Money Does Tobuscus Make?????,2014-05-14T23:06:58Z,PT2M22S,76832,1532,231
EMVvA5Cr0fY,COD IS NOT DEAD,2014-05-08T02:19:42Z,PT3M22S,83461,2340,307
e14MroQ5k_s,Storm,2014-04-30T20:31:15Z,PT3M1S,273733,7875,887
CuzdxsOXEZ8,Hearthstone - All Beards Challenge!,2014-04-24T01:56:43Z,PT23M53S,84979,1754,256
67Wj-0OyKOM,Youtube ad.,2014-04-20T20:26:16Z,PT38S,562744,10402,434
LWstCINhd8g,Impossible,2014-04-20T01:45:45Z,PT3M53S,90670,2775,345
dg6iqLCPizs,Motivation,2014-04-17T01:22:40Z,PT2M54S,99300,3313,282
cRPldarzw-M,1k Subs,2014-04-13T23:53:33Z,PT3M15S,17578433,1276970,89157
-rdYtmUejSE,Yup I is the best at the game.,2014-04-05T13:00:05Z,PT6M57S,299010,5476,547
tusuuI7MEJU,Should I join FaZe?????,2014-04-04T19:44:52Z,PT3M30S,938358,18534,1762
XDe5f8BEvwY,"Youtube Networks Requirerments. (Machinima, TGN, 8byte....)",2014-04-01T16:37:55Z,PT4M46S,95237,1418,190
BtCGABBPH9s,Two Years of Youtube.,2014-03-31T16:31:32Z,PT4M31S,486736,10155,1017
KJ_C_NSl0P8,"How Much Money Does ""Element Animation"" Make?????",2014-03-30T23:40:18Z,PT3M29S,197422,3667,356
LI8nWXeYtOs,"How Much Money Does ""Skydoesminecraft"" Make????",2014-03-30T01:52:06Z,PT2M47S,81548,1695,381
LMe7k8I082w,Should College Athletes Be Paid?????,2014-03-29T00:18:35Z,PT4M36S,93380,2005,297
h77pHTSPSiw,"""Beast"" Channel Trailer",2014-03-28T21:01:57Z,PT2M1S,72674,1908,234
JUiijjJOInw,What It Takes To Be A Full Time Youtuber...,2014-03-27T19:00:05Z,PT4M41S,63515,1961,464
gpbY6zCEBv4,How Video Games Boosted My SAT Score. Lol,2014-03-26T23:59:45Z,PT2M57S,65850,1800,233
Kgu2ApayYvI,How Much Money Do I Make?????,2014-03-16T01:24:25Z,PT4M10S,160916,5010,667
S9PIukDRcvk,Update,2014-03-13T00:19:29Z,PT4M21S,74214,2013,350
lrw3zkGS9Vc,Subscribers.,2014-03-08T03:52:13Z,PT3M,118218,3292,1120
IQYW_lVBYGo,How Much Money Does KyR's Speedy's Crew Make?????,2014-03-02T18:14:47Z,PT2M54S,104531,2051,309
iOjxpow6jow,How Many Youtubers Are Millionaries?????,2014-02-26T23:52:57Z,PT4M4S,521537,9121,1831
GdD2pqAdjXY,"Flappy Bird - Builders Showdown, Which is Better?",2014-02-23T22:29:21Z,PT1M25S,123613,3315,429
nmHCmLVLxcU,New COD Zombies In 2014?????,2014-02-23T21:40:04Z,PT2M31S,87331,2258,355
TZPlDuYrcDQ,Minecraft Mansion Timelapse,2014-02-22T23:51:15Z,PT5M2S,628831,19901,2306
Oub4nMrNTqQ,Top 5 NON-COPYRIGHTED Songs!!!!!,2014-02-17T20:30:02Z,PT3M24S,131579,3545,619
h5Z36IuyrKc,Vanoss vs Speedy! Which is better?,2014-02-16T20:13:22Z,PT3M7S,121457,2788,926
2IGxSOfsBok,I Hate Pewdiepie!!!!!,2014-02-01T00:16:57Z,PT2M6S,3038067,225044,14491
ZxkLCq49Tvk,Does Spam Work?????,2014-01-20T23:41:17Z,PT4M15S,489393,7529,754
smDPnIdlkhM,100th VIDEO SPECIAL!,2014-01-20T01:17:01Z,PT4M44S,470064,14700,1647
DjMYkWCEan8,The Vortex SMP Episode 1! Just Derping Around and Explaining Things.,2014-01-18T02:49:24Z,PT25M19S,143051,3771,403
3nn_skHgkqI,Has Youtube Met Its Match?????,2014-01-12T01:25:53Z,PT2M44S,114359,2409,285
A8IkOqb_7Yg,How Much Money Does Pewdiepie Make????? (Updated 2015),2014-01-11T20:31:34Z,PT4M10S,2017056,29611,2078
hHl_YMivv3c,"Battle Pirates, my base.",2013-12-31T14:48:55Z,PT2M56S,88712,2049,326
7mLSbgyjM0g,"Battle Pirates, Hellstrike Base attack.",2013-12-29T22:22:57Z,PT2M52S,77949,2026,322
TGKkMl17Htg,"Battle Pirates, Unstoppable Ship!",2013-12-29T21:05:08Z,PT2M13S,62592,2348,709
Qw3eFnsSdlQ,Best Hellstrike Build???? (Battle Pirates),2013-12-29T17:10:57Z,PT1M37S,62512,2027,504
KcNCJ1mgt14,"Marauder Builds, Battle Pirates In Depth Builds.",2013-12-29T16:20:05Z,PT3M6S,62506,2322,680
A4lp4FRCo6o,"Battle pirates, How To Auto Lvl 40 Salvages.",2013-12-29T00:32:15Z,PT1M18S,65913,2086,440
WYKZz3Zygdc,Hellstrikes vs 7 halos!,2013-12-27T00:27:31Z,PT1M36S,92805,2109,396
5U2fmvh9_Is,"Battle Pirates, Hellstrike vs Epic Base!",2013-12-24T00:00:20Z,PT58S,78305,2045,373
xvIpibLjs5k,"Battle Pirates, Another Hellstrike Fail.",2013-12-18T23:47:57Z,PT57S,77764,2086,356
jlpAON0ePME,Battle pirates Hellstrike fail!,2013-12-18T22:31:02Z,PT47S,77615,2061,340
sfp0a6zDoNQ,"Battle Pirates, lvl 66 vs Missile Cruiser x Fleet!",2013-12-17T18:56:41Z,PT1M24S,79535,2046,298
RaDRWNz3Al4,"Battle Pirates, Hellstrike Too Overpowered????",2013-12-14T15:58:11Z,PT2M40S,77136,2101,311
Ms9MGkEm4mg,"Battle Pirates, All Sentinel Base.",2013-12-05T02:24:33Z,PT1M12S,83215,2229,348
90wWStXJX5c,"Battle pirates, Lvl 58 Mercury Base Attack!",2013-12-05T01:06:00Z,PT1M16S,118376,2564,356
ruSVy-u2DzM,"Battle Pirates, Stingray vs Mercury Epic Battle!",2013-12-05T00:00:24Z,PT1M6S,81180,2464,467
pP1KMQb51GA,OpTiC NaDeShOt Got Hack!!,2013-11-27T19:37:44Z,PT2M44S,85608,2384,488
dPxAFqs2eYE,"Epic Ghost Multiplayer EasterEggs! (PrisonBreak, Sovereign, and Flooded)",2013-11-17T18:26:11Z,PT1M40S,119679,3382,336
p-KVD5rA_Cw,Why Google Does Not Care What We Think....,2013-11-17T01:40:48Z,PT3M,471446,7621,746
JdCgkcb1iwQ,My First Kem Strike!,2013-11-16T19:48:55Z,PT4M29S,93096,3286,672
7anhkLPRk-A,Google+ The Death Of Youtube?????,2013-11-13T22:09:21Z,PT2M43S,151471,3555,401
XVMY7B3AzWM,How Much Money Does PewDiePie Make?????,2013-11-12T03:18:18Z,PT5M32S,880805,15578,1454
QXag-irFHxE,Most Overpowered Guns In Ghost!,2013-11-11T20:11:15Z,PT2M40S,126091,3863,367
vBEGODNmdas,Are Minecraft Faction Has A New Pet! (poopymiscquidlepants),2013-10-31T20:44:54Z,PT15S,113245,3042,318
v3tbnlc5cfo,Battle Pirates!,2013-09-21T22:18:59Z,PT3M35S,117398,4096,734
ObYLL97-SBA,How To Duplicate Diamonds!!!!,2013-09-15T01:09:42Z,PT37S,188533,6647,595
IaR7P4-wFK8,50k Video Views!!!! EpicSauce!,2013-09-08T22:20:48Z,PT1M43S,283607,9280,821
v1ELS84GQu8,If This Video Gets One Million Views.....,2013-09-07T02:28:05Z,PT46S,13298817,1173085,71674
ctJORnOjbrQ,These Were The Good Days....,2013-09-05T02:14:46Z,PT52S,192146,4790,439
-hrPQFaDVKQ,Channel Update.,2013-08-16T20:34:58Z,PT2M42S,194455,4875,429
bIZ5_L1ru2w,Funny Noob Tubing Reaction Montage!,2013-08-16T03:04:45Z,PT2M29S,137739,3858,432
yyssjJEJMt4,"Minecraft, How To Grief Without Being Seen!",2013-08-14T21:39:31Z,PT1M3S,359886,18123,1486
2bwPntvb90U,Buried Round 50 Gameplay! Black ops 2 Zombies.,2013-08-12T22:49:16Z,PT1M22S,150761,4641,454
Wz1VHTZq16c,Minecraft Let's Play Ep. # 2 - Having Fun and Derping!,2013-08-12T01:53:18Z,PT14M58S,197592,7506,835
Cs-kyTJso-A,Worlds Biggest Ball Of TNT Minecraft!  Challenge Video!,2013-08-09T23:45:05Z,PT1M45S,646403,19402,1630
jkqd-oc0F00,"How To Get A Gaming Partnership, And What It Is.",2013-08-08T21:25:32Z,PT6M49S,107833,3830,646
mVkT6Cd9SoI,Camping Montage.... LOL,2013-08-05T21:12:41Z,PT3M20S,110355,3661,523
rffyxTTNkyk,Black Ops 2! Mini Update Video.,2013-08-05T02:55:37Z,PT3M55S,107075,4220,860
OOesLeO6-pc,Randomness,2013-08-02T22:16:42Z,PT5M18S,107140,4399,854
Q5lcjP6XlHw,203 Kill Game! Thanks For 300 Subscribers!,2013-08-01T19:36:50Z,PT4M26S,170836,6239,1032
sE3ZZmYotSs,Call of Duty Ghost Multiplier Reveal Trailer Release Date!,2013-07-30T20:51:42Z,PT3M50S,128754,4281,586
pUwUAtmBKxw,Insane Black Ops 2 HACKER!!!!,2013-07-30T02:45:21Z,PT5M59S,255236,6849,680
p5rGgPZtjDw,Top Subscribed To Channels? BO2 w/ commentary!,2013-07-28T20:50:09Z,PT5M39S,131711,4766,798
bWDmDsdvoBs,Career Ender ....  LOL,2013-07-28T17:13:58Z,PT26S,158832,4400,521
OJA1QK-j-Oo,I Bought A New Microphone!  (quality test),2013-07-27T23:25:01Z,PT2M55S,169099,5322,581
KL1X8NsVGd0,Top 10 Worst Guns in Call Of Duty History!,2013-07-25T21:36:56Z,PT4M19S,215156,7530,672
q2HoSwCMcZw,Black ops 2 Patch news!,2013-07-24T20:35:32Z,PT3M53S,150703,5169,810
RRknlgRqOds,Black ops 2 Invisible equipment and scorestreak glitch!,2013-07-21T18:26:36Z,PT2M27S,185040,5706,593
j93M46a-W3U,I'm Back! Update Video....,2013-07-19T23:41:14Z,PT3M24S,203628,6951,735
uqjfMNEWNIg,Minecraft Let's Play! Ep. 1. The Beginning!,2013-07-08T20:03:41Z,PT18M27S,714541,25182,2582
X-g9aT2wFjM,Channel Trailer....,2013-07-06T18:17:45Z,PT49S,285253,10203,879
pHKlrJeKmjA,Black ops 2 Shotgun gameplay w/ commentary....  Ps4 or Xbox?,2013-07-06T00:13:48Z,PT6M2S,261720,6840,800
C82suucz4i4,Black ops 2 Gameplay w/ commentary. Hipsters,2013-07-03T17:48:10Z,PT4M21S,372132,12297,886
H_DYlka7QAQ,Project Zomboid Let's Play ep [04] lots of stuff,2013-06-18T15:51:26Z,PT15M45S,152827,5965,905
ov0KQthQ50U,Project Zomboid Let's Play ep. [03] Looting and storing.,2013-06-17T02:17:34Z,PT24M34S,146846,5767,1059
MC-7ziNt_U4,Project Zomboid let's play ep. [02] Just some chores.,2013-06-15T19:54:37Z,PT14M20S,147212,6037,1024
PNsF1Uh5yP8,Project Zomboid Lets Play ep [01] Roughing it out!,2013-06-15T00:03:38Z,PT19M54S,258729,9157,887
9Y2sAtN5yRs,Gunpowder plus mod! (Grenade mod) Epic explosions for minecraft.,2013-04-21T18:04:39Z,PT2M38S,229997,8265,827
-z349CGAOXs,Horse racing map for new update! (minecraft),2013-04-21T16:37:08Z,PT1M28S,220837,8066,901
pl4xmh3RWfE,Amazing minecraft Cathedral!,2013-04-21T01:36:32Z,PT58S,437938,14340,1256
6z5RwrvnH28,Huge WW2 jeep! Minecraft creations.,2013-04-21T00:52:21Z,PT1M4S,627701,19013,1928
ivdQqobHDPc,Story time!,2013-04-18T01:54:48Z,PT3M13S,637154,20801,1601
uUIlb2rpIuY,Epic Minecraft city! (w/ download link!),2013-04-11T01:00:01Z,PT2M34S,390755,11646,1075
Ros1PpcO5Js,Pokemon online battle #9 [rb] Hidden power ice ftw!,2013-04-07T00:03:02Z,PT5M19S,201787,7914,802
KYv1nqutbK0,Pokemon online battle #8 Stone edge,2013-04-05T01:21:12Z,PT5M27S,195489,8965,1597
7Yi-ctyTNU4,Online pokemon battle #7 [uu] 5-0,2013-04-04T01:43:46Z,PT4M21S,249573,10377,938
VN2-3OfUzd8,Magic karp sweeps whole team of LEGENDARIES!!!,2013-04-01T23:26:03Z,PT3M35S,204797,8017,926
-2IFrMOM36w,Pokemon online battles #5 [uu] Heracross never seems to dissapoint me...,2013-03-31T20:49:28Z,PT4M28S,203463,9044,1213
7dIFHQkrASM,This is a detailed break down of my favorite UU team... ENJOY!,2013-03-29T23:14:45Z,PT9M24S,217830,8894,1017
QicO1Gd0kvU,Pokemon online battle #4 [uu] Same old team,2013-03-28T17:22:43Z,PT4M39S,258038,,1073
yFfcsmK2TOA,Online pokemon battle #3 [uu] Ice punch,2013-03-27T19:57:08Z,PT3M25S,215650,,1425
Jl0-6tbNGBo,Pokemon online battle #2 [uu] Herracross w/ Dat MOXIE BOOST,2013-03-26T16:58:32Z,PT2M49S,315791,,1241
IAbX0FwX-GY,Why I Haven't Been Uploading,2013-03-25T20:10:38Z,PT6M3S,861428,,1775
XKSJRulqDNA,Most Epic Thing In Minecraft!?!?!?!?!?!!?????,2013-03-10T22:19:14Z,PT4M33S,455398,18001,1858
jysfHFHNjYQ,Epic minecraft apartment complex!,2013-01-27T18:25:46Z,PT53S,575019,22890,2257
Yox25V8Qsm4,Crazy Illulsions In Minecraft. (Bigre),2013-01-27T02:11:30Z,PT2M35S,722867,25306,2609
clcN3OA8SNw,Best Minecraft Castle Ever?,2013-01-27T01:52:40Z,PT3M42S,421326,19861,2297
m3lTwO0aNyw,How to get unlimited diamonds! minecraft (x-ray),2013-01-26T19:34:43Z,PT2M14S,611186,25112,2240
gchqnwXlxJw,Drinks in minecraft (mod),2013-01-26T16:26:34Z,PT43S,592870,,1803
atCPtw4dg7g,Emerald tool mod! (minecraft),2013-01-23T22:34:58Z,PT49S,572481,25805,2318
t8aM4HuVLrQ,This is a block? Since when lol.,2013-01-21T22:30:09Z,PT52S,896820,33909,4292
M82VAcabSiA,Scary minecraft pig skin!,2013-01-13T16:53:17Z,PT29S,1125520,37972,3252
7qj3nuF9Dzw,Most Epic minecraft skin EVER  (Psy),2013-01-13T01:59:21Z,PT31S,1271758,44696,3649
Y74b7WlcEpk,More birds IN MINECRAFT!!,2013-01-12T23:35:45Z,PT2M6S,1396926,49591,3843
Z8nEEdXTaX0,Boxy item mod Minecraft.  EPIC,2013-01-12T22:34:11Z,PT1M30S,1645194,58555,4319
jP82d277Cc8,Harry Potter Mod In Minecraft! EPIC MUST SEE MOD!!!,2012-03-09T23:29:03Z,PT3M59S,6275118,,9429
2XVcLrB7B3Y,Worst Minecraft Saw Trap Ever???,2012-02-20T22:42:32Z,PT2M37S,32330930,1354688,139447
